County,FIPS code,CBSA,State Abbreviation,FEMA region,Population,Cases as a percent of national total - last 7 days,ThisWeekTotal Per100k,LastWeekTotal Per100k,Test Positivity Rate- Last 7 Days,Previous Week Positivity Rate,,,,,,
"Abbeville County, SC",16001,"Boise City, ID",ID,Region 10," 24,527 ",0.0%, 375 , 522 ,30.2%,27.2%,,Current: 22 Feb 2021 - 28 Feb 2021,,,,
"Accomack County, VA",45003,"Augusta-Richmond County, GA-SC",SC,Region 4," 32,316 ",0.0%, 121 , 192 ,10.5%,14.2%,,,,,,
"Adair County, IA",6001,"San Francisco-Oakland-Berkeley, CA",CA,Region 9," 7,152 ",0.0%," 1,999 ", 685 ,11.4%,19.5%,,,,,,
"Adair County, KY",42003,"Pittsburgh, PA",PA,Region 3," 19,202 ",0.0%, 109 , 120 ,10.5%,3.0%,,,,,,
"Adair County, OK",24003,"Baltimore-Columbia-Towson, MD",MD,Region 3," 22,194 ",0.0%, 216 , 275 ,9.3%,12.1%,,,,,,
"Adams County, MS",5007,"Fayetteville-Springdale-Rogers, AR",AR,Region 6," 30,693 ",0.0%, 137 , 117 ,18.5%,21.3%,,,,,,
"Adams County, NE",29019,"Columbia, MO",MO,Region 7," 31,363 ",0.0%, 67 , 83 ,9.0%,10.2%,,,,,,
"Adjuntas Municipio, PR",55009,"Green Bay, WI",WI,Region 5," 19,483 ",0.0%, 21 , 26 ,0.0%,15.4%,,,,,,
"Aguadilla Municipio, PR",39017,"Cincinnati, OH-KY-IN",OH,Region 5," 60,949 ",0.0%, 33 , 31 ,5.3%,10.0%,,,,,,
"Aiken County, SC",42027,"State College, PA",PA,Region 3," 170,872 ",0.1%, 447 , 453 ,24.8%,18.6%,,,,,,
"Aleutians East Borough, AK",37049,"New Bern, NC",NC,Region 4," 3,337 ",0.0%, 180 ," 2,697 ",6.5%,1.0%,,,,,,
"Aleutians West Census Area, AK",37051,"Fayetteville, NC",NC,Region 4," 5,634 ",0.0%," 1,668 ", 657 ,8.8%,15.7%,,,,,,
"Allamakee County, IA",49011,"Ogden-Clearfield, UT",UT,Region 8," 13,687 ",0.0%, 438 , 175 ,8.3%,6.9%,,,,,,
"Alleghany County, NC",11001,"Washington-Arlington-Alexandria, DC-VA-MD-WV",DC,Region 3," 11,137 ",0.0%, 189 , 215 ,10.4%,9.1%,,,,,,
"Alleghany County, VA",31055,"Omaha-Council Bluffs, NE-IA",NE,Region 7," 14,860 ",0.0%, 27 , 67 ,8.1%,10.8%,,,,,,
"Allen County, KS",12031,"Jacksonville, FL",FL,Region 4," 12,369 ",0.0%, 331 , 251 ,23.2%,18.2%,,,,,,
"Allen County, KY",55035,"Eau Claire, WI",WI,Region 5," 21,315 ",0.0%, 84 , 441 ,10.1%,25.5%,,,,,,
"Allen County, OH",48141,"El Paso, TX",TX,Region 6," 102,351 ",0.0%, 106 , 148 ,11.6%,9.1%,,,,,,
"Allendale County, SC",25009,"Boston-Cambridge-Newton, MA-NH",MA,Region 1," 8,688 ",0.0%, 426 , 460 ,24.4%,18.6%,,,,,,
"Amelia County, VA",48157,"Houston-The Woodlands-Sugar Land, TX",TX,Region 6," 13,145 ",0.0%, 190 , 297 ,8.2%,15.4%,,,,,,
"Amherst County, VA",39049,"Columbus, OH",OH,Region 5," 31,605 ",0.0%, 133 , 383 ,7.9%,15.3%,,,,,,
"Anderson County, KS",45045,"Greenville-Anderson, SC",SC,Region 4," 7,858 ",0.0%, 115 , 191 ,10.1%,9.5%,,,,,,
"Anderson County, KY",48187,"San Antonio-New Braunfels, TX",TX,Region 6," 22,747 ",0.0%, 97 , 154 ,10.5%,7.4%,,,,,,
"Anderson County, SC",37081,"Greensboro-High Point, NC",NC,Region 4," 202,558 ",0.1%, 333 , 390 ,23.7%,16.1%,,,,,,
"Anderson County, TN",13135,"Atlanta-Sandy Springs-Alpharetta, GA",GA,Region 4," 76,978 ",0.0%, 286 , 387 ,10.3%,7.6%,,,,,,
"Angelina County, TX",9003,"Hartford-East Hartford-Middletown, CT",CT,Region 1," 86,715 ",0.0%, -   , 150 ,,14.1%,,,,,,
"Apache County, AZ",37097,"Charlotte-Concord-Gastonia, NC-SC",NC,Region 4," 71,887 ",0.0%, 214 , 408 ,8.7%,10.2%,,,,,,
"Appanoose County, IA",29095,"Kansas City, MO-KS",MO,Region 7," 12,426 ",0.0%," 1,392 ", 241 ,7.0%,6.5%,,,,,,
"Appling County, GA",29097,"Joplin, MO",MO,Region 7," 18,386 ",0.0%, 250 , 392 ,10.9%,14.1%,,,,,,
"Appomattox County, VA",1073,"Birmingham-Hoover, AL",AL,Region 4," 15,911 ",0.0%, 170 , 377 ,16.0%,15.8%,,,,,,
"Aransas County, TX",21111,"Louisville/Jefferson County, KY-IN",KY,Region 4," 23,510 ",0.0%, 17 , 183 ,,13.8%,,,,,,
"Ashland County, OH",31109,"Lincoln, NE",NE,Region 7," 53,484 ",0.0%, 92 , 103 ,17.6%,11.1%,,,,,,
"Asotin County, WA",6037,"Los Angeles-Long Beach-Anaheim, CA",CA,Region 9," 22,582 ",0.0%, 66 , 84 ,14.3%,13.2%,,,,,,
"Athens County, OH",4013,"Phoenix-Mesa-Chandler, AZ",AZ,Region 9," 65,327 ",0.0%, 223 , 295 ,5.8%,11.3%,,,,,,
"Atkinson County, GA",18097,"Indianapolis-Carmel-Anderson, IN",IN,Region 5," 8,165 ",0.0%, 98 , 61 ,7.1%,11.1%,,,,,,
"Atlantic County, NJ",48309,"Waco, TX",TX,Region 6," 263,670 ",0.1%, 236 , 293 ,11.2%,12.0%,,,,,,
"Atoka County, OK",37119,"Charlotte-Concord-Gastonia, NC-SC",NC,Region 4," 13,758 ",0.0%, 145 , 240 ,32.6%,32.3%,,,,,,
"Audubon County, IA",55079,"Milwaukee-Waukesha, WI",WI,Region 5," 5,496 ",0.0%, 509 , 182 ,16.4%,17.7%,,,,,,
"Auglaize County, OH",46099,"Sioux Falls, SD",SD,Region 8," 45,656 ",0.0%, 103 , 173 ,15.0%,17.3%,,,,,,
"Augusta County, VA",1097,"Mobile, AL",AL,Region 4," 75,558 ",0.0%, 109 , 216 ,16.3%,24.0%,,,,,,
"Aurora County, SD",18105,"Bloomington, IN",IN,Region 5," 2,751 ",0.0%, 73 , 73 ,0.0%,12.5%,,,,,,
"Austin County, TX",6053,"Salinas, CA",CA,Region 9," 30,032 ",0.0%, 203 , 263 ,,14.6%,,,,,,
"Autauga County, AL",24031,"Washington-Arlington-Alexandria, DC-VA-MD-WV",MD,Region 3," 55,869 ",0.0%, 170 , 276 ,17.1%,14.4%,,,,,,
"Avoyelles Parish, LA",48339,"Houston-The Woodlands-Sugar Land, TX",TX,Region 6," 40,144 ",0.0%, 585 , 675 ,24.2%,3.5%,,,,,,
"Baker County, FL",37129,"Wilmington, NC",NC,Region 4," 29,210 ",0.0%, 137 , 281 ,7.5%,11.2%,,,,,,
"Baker County, GA",48355,"Corpus Christi, TX",TX,Region 6," 3,038 ",0.0%, 33 , 99 ,10.0%,15.4%,,,,,,
"Baker County, OR",26125,"Detroit-Warren-Dearborn, MI",MI,Region 5," 16,124 ",0.0%, 87 , 56 ,12.4%,10.6%,,,,,,
"Baldwin County, AL",34029,"New York-Newark-Jersey City, NY-NJ-PA",NJ,Region 2," 223,234 ",0.1%, 164 , 171 ,11.4%,10.3%,,,,,,
"Baldwin County, GA",40109,"Oklahoma City, OK",OK,Region 6," 44,890 ",0.0%, 149 , 154 ,10.9%,11.2%,,,,,,
"Ballard County, KY",37133,"Jacksonville, NC",NC,Region 4," 7,888 ",0.0%, 127 , 139 ,12.2%,6.8%,,,,,,
"Bamberg County, SC",55087,"Appleton, WI",WI,Region 5," 14,066 ",0.0%, 327 , 533 ,12.4%,16.5%,,,,,,
"Bandera County, TX",12099,"Miami-Fort Lauderdale-Pompano Beach, FL",FL,Region 4," 23,112 ",0.0%, 35 , 203 ,,13.0%,,,,,,
"Banks County, GA",17143,"Peoria, IL",IL,Region 5," 19,234 ",0.0%, 151 , 99 ,11.9%,10.3%,,,,,,
"Banner County, NE",42101,"Philadelphia-Camden-Wilmington, PA-NJ-DE-MD",PA,Region 3, 745 ,0.0%, -   , 134 ,,28.6%,,,,,,
"Bannock County, ID",4019,"Tucson, AZ",AZ,Region 9," 87,808 ",0.0%, 172 , 196 ,10.7%,9.8%,,,,,,
"Barbour County, AL",12105,"Lakeland-Winter Haven, FL",FL,Region 4," 24,686 ",0.0%, 101 , 138 ,14.9%,15.9%,,,,,,
"Barnwell County, SC",5119,"Little Rock-North Little Rock-Conway, AR",AR,Region 6," 20,866 ",0.0%, 489 , 542 ,21.0%,20.0%,,,,,,
"Barren County, KY",55101,"Racine, WI",WI,Region 5," 44,249 ",0.0%, 258 , 427 ,13.8%,15.9%,,,,,,
"Barrow County, GA",45079,"Columbia, SC",SC,Region 4," 83,240 ",0.1%, 237 , 251 ,16.4%,15.9%,,,,,,
"Barton County, MO",47149,"Nashville-Davidson--Murfreesboro--Franklin, TN",TN,Region 4," 11,754 ",0.0%, 68 , 85 ,37.5%,28.6%,,,,,,
"Bartow County, GA",6067,"Sacramento-Roseville-Folsom, CA",CA,Region 9," 107,738 ",0.1%, 373 , 404 ,15.8%,15.5%,,,,,,
"Bastrop County, TX",49035,"Salt Lake City, UT",UT,Region 8," 88,723 ",0.0%, 96 , 261 ,,11.6%,,,,,,
"Bates County, MO",37163,,NC,Region 4," 16,172 ",0.0%, 37 , 49 ,12.0%,10.3%,,,,,,
"Bay County, FL",6077,"Stockton, CA",CA,Region 9," 174,705 ",0.1%, 221 , 230 ,12.7%,15.5%,,,,,,
"Beadle County, SD",47157,"Memphis, TN-MS-AR",TN,Region 4," 18,453 ",0.0%, 201 , 168 ,9.1%,15.4%,,,,,,
"Beaufort County, SC",53063,"Spokane-Spokane Valley, WA",WA,Region 10," 192,122 ",0.1%, 196 , 231 ,19.1%,10.5%,,,,,,
"Beaver County, OK",29187,"Farmington, MO",MO,Region 7," 5,311 ",0.0%, 377 , 113 ,0.0%,0.0%,,,,,,
"Beaver County, UT",29189,"St. Louis, MO-IL",MO,Region 7," 6,710 ",0.0%, 194 , 417 ,20.3%,15.3%,,,,,,
"Beckham County, OK",36103,"New York-Newark-Jersey City, NY-NJ-PA",NY,Region 2," 21,859 ",0.0%, 73 , 343 ,11.7%,14.2%,,,,,,
"Bedford County, VA",6107,"Visalia, CA",CA,Region 9," 78,997 ",0.0%, 135 , 223 ,8.3%,10.0%,,,,,,
"Bell County, KY",49049,"Provo-Orem, UT",UT,Region 8," 26,032 ",0.0%, 288 , 280 ,12.0%,6.0%,,,,,,
"Ben Hill County, GA",37183,"Raleigh-Cary, NC",NC,Region 4," 16,700 ",0.0%, 54 , 108 ,10.0%,6.9%,,,,,,
"Bent County, CO",55133,"Milwaukee-Waukesha, WI",WI,Region 5," 5,577 ",0.0%," 1,237 "," 1,668 ",15.2%,21.1%,,,,,,
"Benton County, IA",48479,"Laredo, TX",TX,Region 6," 25,645 ",0.0%, 741 , 226 ,11.4%,16.3%,,,,,,
"Benton County, MS",19193,"Sioux City, IA-NE-SD",IA,Region 7," 8,259 ",0.0%, 145 , 85 ,10.2%,3.3%,,,,,,
"Benton County, TN",42133,"York-Hanover, PA",PA,Region 3," 16,160 ",0.0%, 476 , 347 ,3.8%,5.1%,,,,,,
"Berkeley County, SC",,,,," 227,907 ",0.1%, 233 , 298 ,24.6%,16.0%,,,,,,
"Berkeley County, WV",,,,," 119,171 ",0.0%, 145 , 185 ,7.6%,10.2%,,,,,,
"Berrien County, GA",,,,," 19,397 ",0.0%, 180 , 237 ,6.9%,11.5%,,,,,,
"Bethel Census Area, AK",,,,," 18,386 ",0.0%, 158 , 473 ,2.1%,5.3%,,,,,,
"Bibb County, GA",,,,," 153,159 ",0.1%, 323 , 144 ,10.4%,12.6%,,,,,,
"Bienville Parish, LA",,,,," 13,241 ",0.0%, 45 , 196 ,10.0%,2.6%,,,,,,
"Big Horn County, WY",,,,," 11,790 ",0.0%, 204 , 221 ,20.0%,,,,,,,
"Black Hawk County, IA",,,,," 131,228 ",0.0%," 1,084 ", 110 ,5.5%,6.7%,,,,,,
"Blaine County, ID",,,,," 23,021 ",0.0%, 148 , 313 ,9.5%,12.1%,,,,,,
"Blaine County, OK",,,,," 9,429 ",0.0%, 170 , 233 ,3.3%,13.5%,,,,,,
"Blanco County, TX",,,,," 11,931 ",0.0%, 67 , 184 ,,10.3%,,,,,,
"Bledsoe County, TN",,,,," 15,064 ",0.0%, 133 , 524 ,11.8%,12.1%,,,,,,
"Blount County, AL",,,,," 57,826 ",0.0%, 114 , 80 ,17.4%,12.6%,,,,,,
"Blount County, TN",,,,," 133,088 ",0.0%, 210 , 513 ,6.7%,9.9%,,,,,,
"Bollinger County, MO",,,,," 12,133 ",0.0%, 25 , 33 ,0.0%,25.0%,,,,,,
"Bonneville County, ID",,,,," 119,062 ",0.0%, 129 , 125 ,10.2%,9.3%,,,,,,
"Boone County, AR",,,,," 37,432 ",0.0%, 115 , 216 ,12.8%,10.4%,,,,,,
"Boone County, IA",,,,," 26,234 ",0.0%, 766 , 160 ,2.5%,5.1%,,,,,,
"Boone County, KY",,,,," 133,581 ",0.1%, 249 , 311 ,11.6%,10.3%,,,,,,
"Borden County, TX",,,,, 654 ,0.0%, -   , 612 ,,0.0%,,,,,,
"Botetourt County, VA",,,,," 33,419 ",0.0%, 275 , 215 ,9.8%,12.1%,,,,,,
"Boundary County, ID",,,,," 12,245 ",0.0%, 188 , 237 ,13.9%,12.2%,,,,,,
"Bourbon County, KS",,,,," 14,534 ",0.0%, 124 , 151 ,10.0%,9.4%,,,,,,
"Bourbon County, KY",,,,," 19,788 ",0.0%, 131 , 172 ,13.3%,9.9%,,,,,,
"Bowie County, TX",,,,," 93,245 ",0.0%, 145 , 223 ,,13.0%,,,,,,
"Box Elder County, UT",,,,," 56,046 ",0.0%, 114 , 148 ,9.8%,10.3%,,,,,,
"Bradford County, FL",,,,," 28,201 ",0.0%, 128 , 202 ,5.9%,10.4%,,,,,,
"Bradley County, TN",,,,," 108,110 ",0.0%, 299 , 365 ,15.3%,14.7%,,,,,,
"Brazoria County, TX",,,,," 374,264 ",0.1%, 118 , 162 ,,10.9%,,,,,,
"Brazos County, TX",,,,," 229,211 ",0.1%, 46 , 233 ,,12.3%,,,,,,
"Breckinridge County, KY",,,,," 20,477 ",0.0%, 34 , 190 ,12.2%,21.9%,,,,,,
"Bremer County, IA",,,,," 25,062 ",0.0%, 583 , 140 ,8.6%,9.4%,,,,,,
"Brewster County, TX",,,,," 9,203 ",0.0%, 76 , 196 ,,12.5%,,,,,,
"Briscoe County, TX",,,,," 1,546 ",0.0%, -   , 453 ,,12.5%,,,,,,
"Bristol Bay Borough, AK",,,,, 836 ,0.0%, -   , -   ,0.0%,14.3%,,,,,,
"Bristol city, VA",,,,," 16,762 ",0.0%, 36 , 72 ,9.5%,12.8%,,,,,,
"Broadwater County, MT",,,,," 6,237 ",0.0%, 128 , 257 ,10.5%,15.8%,,,,,,
"Bronx County, NY",,,,," 1,418,207 ",0.6%, 432 , 480 ,8.9%,9.8%,,,,,,
"Brooke County, WV",,,,," 21,939 ",0.0%, 105 , 114 ,11.1%,9.6%,,,,,,
"Brooks County, GA",,,,," 15,457 ",0.0%, 175 , 136 ,12.5%,15.6%,,,,,,
"Broward County, FL",,,,," 1,952,778 ",0.6%, 256 , 298 ,11.2%,11.5%,,,,,,
"Brown County, OH",,,,," 43,432 ",0.0%, 138 , 239 ,9.9%,16.2%,,,,,,
"Brown County, TX",,,,," 37,864 ",0.0%, 396 , 396 ,,17.8%,,,,,,
"Brunswick County, NC",,,,," 142,820 ",0.0%, 258 , 298 ,9.2%,10.4%,,,,,,
"Bryan County, GA",,,,," 39,627 ",0.0%, 328 , 323 ,16.1%,11.3%,,,,,,
"Bryan County, OK",,,,," 47,995 ",0.0%, 231 , 408 ,36.5%,21.0%,,,,,,
"Buchanan County, IA",,,,," 21,175 ",0.0%, 529 , 151 ,14.7%,13.3%,,,,,,
"Buchanan County, VA",,,,," 21,004 ",0.0%, 209 , 243 ,4.4%,12.0%,,,,,,
"Buckingham County, VA",,,,," 17,148 ",0.0%, 385 , 449 ,17.0%,23.5%,,,,,,
"Buena Vista County, IA",,,,," 19,620 ",0.0%," 3,242 ", 97 ,9.2%,6.7%,,,,,,
"Buffalo County, NE",,,,," 49,659 ",0.0%, 121 , 97 ,12.6%,8.4%,,,,,,
"Bullitt County, KY",,,,," 81,676 ",0.1%, 176 , 231 ,16.5%,12.1%,,,,,,
"Bulloch County, GA",,,,," 79,608 ",0.0%, 157 , 202 ,15.0%,14.1%,,,,,,
"Bullock County, AL",,,,," 10,101 ",0.0%, 99 , 139 ,15.2%,17.5%,,,,,,
"Burke County, GA",,,,," 22,383 ",0.0%, 259 , 259 ,12.0%,10.1%,,,,,,
"Burnet County, TX",,,,," 48,155 ",0.0%, 177 , 332 ,,11.7%,,,,,,
"Burnett County, WI",,,,," 15,414 ",0.0%, 234 , 247 ,10.2%,12.3%,,,,,,
"Burt County, NE",,,,," 6,459 ",0.0%, 108 , 62 ,13.3%,4.8%,,,,,,
"Butler County, AL",,,,," 19,448 ",0.0%, 216 , 190 ,10.6%,8.4%,,,,,,
"Butler County, IA",,,,," 14,439 ",0.0%, 630 , 76 ,9.9%,6.2%,,,,,,
"Butler County, KY",,,,," 12,879 ",0.0%, 248 , 388 ,24.3%,28.8%,,,,,,
"Butler County, OH",,,,," 383,134 ",0.1%, 159 , 214 ,15.4%,17.5%,,,,,,
"Butts County, GA",,,,," 24,936 ",0.0%, 245 , 281 ,14.2%,19.0%,,,,,,
"Cache County, UT",,,,," 128,289 ",0.0%, 184 , 228 ,14.1%,14.9%,,,,,,
"Caldwell County, KY",,,,," 12,747 ",0.0%, 439 , 447 ,5.0%,10.8%,,,,,,
"Caldwell County, TX",,,,," 43,664 ",0.0%, 131 , 284 ,,14.4%,,,,,,
"Calhoun County, AL",,,,," 113,605 ",0.0%, 249 , 262 ,17.6%,15.6%,,,,,,
"Calhoun County, AR",,,,," 5,189 ",0.0%, 135 , 289 ,5.9%,13.7%,,,,,,
"Calhoun County, GA",,,,," 6,189 ",0.0%, 259 , 388 ,3.1%,14.5%,,,,,,
"Calhoun County, IA",,,,," 9,668 ",0.0%, 600 , 83 ,7.6%,3.4%,,,,,,
"Calhoun County, MS",,,,," 14,361 ",0.0%, 139 , 195 ,10.7%,11.4%,,,,,,
"Calhoun County, SC",,,,," 14,553 ",0.0%, 172 , 213 ,6.5%,12.5%,,,,,,
"Calhoun County, TX",,,,," 21,290 ",0.0%, 80 , 362 ,,21.9%,,,,,,
"Callahan County, TX",,,,," 13,943 ",0.0%, 79 , 143 ,,14.6%,,,,,,
"Callaway County, MO",,,,," 44,743 ",0.0%, 98 , 67 ,13.2%,11.3%,,,,,,
"Camden County, MO",,,,," 46,305 ",0.0%, 19 , 50 ,10.0%,3.2%,,,,,,
"Camden County, NC",,,,," 10,867 ",0.0%, 386 , 322 ,19.4%,15.1%,,,,,,
"Cameron County, TX",,,,," 423,163 ",0.1%, 45 , 184 ,,12.9%,,,,,,
"Cameron Parish, LA",,,,," 6,973 ",0.0%, 215 , 272 ,30.0%,41.7%,,,,,,
"Camp County, TX",,,,," 13,094 ",0.0%, 199 , 191 ,,15.5%,,,,,,
"Campbell County, KY",,,,," 93,584 ",0.1%, 234 , 284 ,9.3%,11.7%,,,,,,
"Campbell County, SD",,,,," 1,376 ",0.0%, -   , 218 ,0.0%,10.0%,,,,,,
"Campbell County, TN",,,,," 39,842 ",0.0%, 309 , 284 ,10.2%,8.5%,,,,,,
"Campbell County, VA",,,,," 54,885 ",0.0%, 210 , 312 ,12.1%,12.0%,,,,,,
"Camuy Municipio, PR",,,,," 35,159 ",0.0%, 28 , 54 ,7.7%,10.3%,,,,,,
"Canadian County, OK",,,,," 148,306 ",0.1%, 158 , 250 ,8.7%,12.3%,,,,,,
"Candler County, GA",,,,," 10,803 ",0.0%, 74 , 93 ,0.0%,11.1%,,,,,,
"Carbon County, MT",,,,," 10,725 ",0.0%, 196 , 205 ,11.7%,7.8%,,,,,,
"Carbon County, PA",,,,," 64,182 ",0.0%, 178 , 227 ,7.9%,11.6%,,,,,,
"Carbon County, WY",,,,," 14,800 ",0.0%, 432 , 419 ,2.3%,,,,,,,
"Caribou County, ID",,,,," 7,155 ",0.0%, 56 , 56 ,12.1%,4.7%,,,,,,
"Caroline County, VA",,,,," 30,725 ",0.0%, 111 , 283 ,8.9%,14.3%,,,,,,
"Carroll County, IA",,,,," 20,165 ",0.0%," 1,046 ", 84 ,3.1%,2.9%,,,,,,
"Carroll County, MO",,,,," 8,679 ",0.0%, 81 , 81 ,9.5%,16.7%,,,,,,
"Carroll County, MS",,,,," 9,947 ",0.0%, 261 , 362 ,13.0%,19.7%,,,,,,
"Carroll County, NH",,,,," 48,910 ",0.0%, 98 , 100 ,10.7%,9.0%,,,,,,
"Carroll County, OH",,,,," 26,914 ",0.0%, 111 , 208 ,35.7%,31.2%,,,,,,
"Carroll County, TN",,,,," 27,767 ",0.0%, 353 , 263 ,9.6%,14.1%,,,,,,
"Carson County, TX",,,,," 5,926 ",0.0%, -   , 456 ,,15.8%,,,,,,
"Carter County, OK",,,,," 48,111 ",0.0%, 166 , 343 ,9.4%,14.7%,,,,,,
"Carter County, TN",,,,," 56,391 ",0.0%, 129 , 725 ,7.8%,11.4%,,,,,,
"Casey County, KY",,,,," 16,159 ",0.0%, 155 , 241 ,14.5%,14.3%,,,,,,
"Cass County, IA",,,,," 12,836 ",0.0%, 631 , 187 ,10.4%,10.6%,,,,,,
"Cass County, MO",,,,," 105,780 ",0.0%, 61 , 96 ,15.6%,16.6%,,,,,,
"Cass County, NE",,,,," 26,248 ",0.0%, 206 , 240 ,11.2%,10.5%,,,,,,
"Cass County, TX",,,,," 30,026 ",0.0%, 110 , 117 ,,10.3%,,,,,,
"Castro County, TX",,,,," 7,530 ",0.0%, 27 , 531 ,,0.0%,,,,,,
"Catawba County, NC",,,,," 159,551 ",0.1%, 239 , 264 ,8.4%,10.5%,,,,,,
"Catoosa County, GA",,,,," 67,580 ",0.0%, 188 , 229 ,7.8%,15.8%,,,,,,
"Cedar County, IA",,,,," 18,627 ",0.0%, 531 , 113 ,10.2%,8.7%,,,,,,
"Cedar County, NE",,,,," 8,402 ",0.0%, 95 , 559 ,0.0%,3.2%,,,,,,
"Ceiba Municipio, PR",,,,," 13,631 ",0.0%, 44 , 15 ,25.0%,50.0%,,,,,,
"Cerro Gordo County, IA",,,,," 42,450 ",0.0%, 862 , 106 ,4.1%,4.3%,,,,,,
"Chambers County, TX",,,,," 43,837 ",0.0%, 151 , 536 ,,11.4%,,,,,,
"Champaign County, OH",,,,," 38,885 ",0.0%, 159 , 183 ,10.4%,8.3%,,,,,,
"Chariton County, MO",,,,," 7,426 ",0.0%, 54 , 40 ,10.0%,0.0%,,,,,,
"Charles City County, VA",,,,," 6,963 ",0.0%, 215 , 215 ,15.3%,10.6%,,,,,,
"Charleston County, SC",,,,," 411,406 ",0.1%, 321 , 405 ,18.8%,10.7%,,,,,,
"Charlotte County, VA",,,,," 11,880 ",0.0%, 160 , 278 ,14.8%,13.6%,,,,,,
"Charlottesville city, VA",,,,," 47,266 ",0.0%, 857 , 508 ,3.4%,2.1%,,,,,,
"Chase County, NE",,,,," 3,924 ",0.0%, -   , 76 ,0.0%,20.5%,,,,,,
"Chatham County, GA",,,,," 289,430 ",0.1%, 178 , 244 ,11.3%,10.6%,,,,,,
"Chattahoochee County, GA",,,,," 10,907 ",0.0%," 1,247 ", 944 ,6.1%,4.8%,,,,,,
"Chautauqua County, KS",,,,," 3,250 ",0.0%, 31 , 215 ,16.7%,9.1%,,,,,,
"Cherokee County, AL",,,,," 26,196 ",0.0%, 46 , 53 ,12.1%,4.2%,,,,,,
"Cherokee County, GA",,,,," 258,773 ",0.1%, 296 , 235 ,10.5%,9.1%,,,,,,
"Cherokee County, IA",,,,," 11,235 ",0.0%, 899 , 62 ,6.2%,4.1%,,,,,,
"Cherokee County, NC",,,,," 28,612 ",0.0%, 217 , 192 ,12.0%,12.2%,,,,,,
"Cherokee County, OK",,,,," 48,657 ",0.0%, 148 , 236 ,12.9%,12.0%,,,,,,
"Cherokee County, SC",,,,," 57,300 ",0.0%, 337 , 351 ,22.8%,16.2%,,,,,,
"Chesapeake city, VA",,,,," 244,835 ",0.2%, 259 , 323 ,11.3%,14.5%,,,,,,
"Cheshire County, NH",,,,," 76,085 ",0.0%, 162 , 131 ,15.3%,8.9%,,,,,,
"Chester County, SC",,,,," 32,244 ",0.0%, 360 , 369 ,19.5%,11.8%,,,,,,
"Chester County, TN",,,,," 17,297 ",0.0%, 121 , 503 ,11.3%,4.4%,,,,,,
"Chesterfield County, SC",,,,," 45,650 ",0.0%, 475 , 605 ,22.9%,12.5%,,,,,,
"Chesterfield County, VA",,,,," 352,802 ",0.1%, 321 , 520 ,10.0%,10.9%,,,,,,
"Cheyenne County, KS",,,,," 2,657 ",0.0%, 75 , 38 ,14.3%,12.5%,,,,,,
"Cheyenne County, NE",,,,," 8,910 ",0.0%, 67 , 123 ,16.7%,18.2%,,,,,,
"Chickasaw County, IA",,,,," 11,933 ",0.0%, 603 , 134 ,2.7%,4.0%,,,,,,
"Chickasaw County, MS",,,,," 17,103 ",0.0%, 117 , 158 ,9.6%,12.3%,,,,,,
"Chilton County, AL",,,,," 44,428 ",0.0%, 176 , 261 ,12.0%,13.2%,,,,,,
"Choctaw County, OK",,,,," 14,672 ",0.0%, 116 , 252 ,20.0%,21.2%,,,,,,
"Chouteau County, MT",,,,," 5,635 ",0.0%, 89 , 160 ,4.3%,13.6%,,,,,,
"Christian County, MO",,,,," 88,595 ",0.0%, 44 , 72 ,10.0%,14.4%,,,,,,
"Cimarron County, OK",,,,," 2,137 ",0.0%, 936 , 47 ,0.0%,,,,,,,
"Citrus County, FL",,,,," 149,657 ",0.0%, 172 , 195 ,11.6%,9.8%,,,,,,
"Claiborne County, MS",,,,," 8,988 ",0.0%, 89 , 211 ,24.6%,23.5%,,,,,,
"Claiborne County, TN",,,,," 31,959 ",0.0%, 410 , 269 ,11.7%,7.4%,,,,,,
"Clarendon County, SC",,,,," 33,745 ",0.0%, 376 , 480 ,21.6%,16.0%,,,,,,
"Clark County, MO",,,,," 6,797 ",0.0%, 147 , 132 ,27.3%,11.1%,,,,,,
"Clark County, NV",,,,," 2,266,715 ",0.7%, 121 , 163 ,9.5%,10.8%,,,,,,
"Clarke County, AL",,,,," 23,622 ",0.0%, 174 , 254 ,10.9%,13.7%,,,,,,
"Clarke County, IA",,,,," 9,395 ",0.0%, 798 , 234 ,10.6%,13.0%,,,,,,
"Clarke County, MS",,,,," 15,541 ",0.0%, 257 , 257 ,8.6%,10.2%,,,,,,
"Clarke County, VA",,,,," 14,619 ",0.0%, 116 , 137 ,6.4%,13.8%,,,,,,
"Clay County, AL",,,,," 13,235 ",0.0%, 151 , 249 ,11.2%,9.8%,,,,,,
"Clay County, IA",,,,," 16,016 ",0.0%, 712 , 181 ,3.0%,9.1%,,,,,,
"Clay County, KY",,,,," 19,901 ",0.0%, 146 , 251 ,14.2%,15.2%,,,,,,
"Clay County, MO",,,,," 249,948 ",0.0%, 22 , 30 ,9.2%,11.5%,,,,,,
"Clay County, NE",,,,," 6,203 ",0.0%, 16 , 64 ,23.8%,20.5%,,,,,,
"Clay County, TN",,,,," 7,615 ",0.0%, 13 , 801 ,2.9%,11.1%,,,,,,
"Clayton County, GA",,,,," 292,256 ",0.1%, 177 , 314 ,10.7%,11.8%,,,,,,
"Clayton County, IA",,,,," 17,549 ",0.0%, 547 , 51 ,1.8%,4.5%,,,,,,
"Cleburne County, AL",,,,," 14,910 ",0.0%, 94 , 101 ,17.0%,16.7%,,,,,,
"Clermont County, OH",,,,," 206,428 ",0.1%, 164 , 197 ,16.2%,16.2%,,,,,,
"Cleveland County, OK",,,,," 284,014 ",0.1%, 168 , 258 ,11.4%,12.9%,,,,,,
"Clinch County, GA",,,,," 6,618 ",0.0%, 287 , 242 ,9.4%,23.8%,,,,,,
"Clinton County, IA",,,,," 46,429 ",0.0%," 1,062 ", 153 ,8.1%,9.8%,,,,,,
"Clinton County, KY",,,,," 10,218 ",0.0%, 176 , 656 ,7.1%,13.0%,,,,,,
"Clinton County, OH",,,,," 41,968 ",0.0%, 148 , 245 ,13.9%,16.5%,,,,,,
"Coahoma County, MS",,,,," 22,124 ",0.0%, 163 , 262 ,10.4%,8.6%,,,,,,
"Coal County, OK",,,,," 5,495 ",0.0%, 91 , 218 ,0.0%,21.4%,,,,,,
"Cochran County, TX",,,,," 2,853 ",0.0%, 35 , 210 ,,13.3%,,,,,,
"Coffee County, AL",,,,," 52,342 ",0.0%, 120 , 120 ,7.7%,10.8%,,,,,,
"Coffee County, GA",,,,," 43,273 ",0.0%, 139 , 90 ,9.9%,10.8%,,,,,,
"Coffey County, KS",,,,," 8,179 ",0.0%, 171 , 318 ,6.7%,12.5%,,,,,,
"Colbert County, AL",,,,," 55,241 ",0.0%, 81 , 103 ,6.4%,10.6%,,,,,,
"Coleman County, TX",,,,," 8,175 ",0.0%, 12 , 135 ,,10.9%,,,,,,
"Colfax County, NE",,,,," 10,709 ",0.0%, 47 , 75 ,11.1%,9.1%,,,,,,
"Colleton County, SC",,,,," 37,677 ",0.0%, 170 , 321 ,11.9%,12.6%,,,,,,
"Collin County, TX",,,,," 1,034,730 ",0.4%, 174 , 281 ,,12.3%,,,,,,
"Colonial Heights city, VA",,,,," 17,370 ",0.0%, 391 , 558 ,14.1%,12.8%,,,,,,
"Colorado County, TX",,,,," 21,493 ",0.0%, 74 , 219 ,,10.4%,,,,,,
"Colquitt County, GA",,,,," 45,600 ",0.0%, 215 , 138 ,11.0%,6.1%,,,,,,
"Columbia County, AR",,,,," 23,457 ",0.0%, 98 , 243 ,11.2%,7.9%,,,,,,
"Columbia County, GA",,,,," 156,714 ",0.1%, 246 , 269 ,11.9%,15.6%,,,,,,
"Columbia County, PA",,,,," 64,964 ",0.0%, 135 , 216 ,11.0%,10.1%,,,,,,
"Comal County, TX",,,,," 156,209 ",0.0%, 20 , 243 ,,10.5%,,,,,,
"Comanche County, KS",,,,," 1,700 ",0.0%, -   , 59 ,0.0%,12.5%,,,,,,
"Comanche County, OK",,,,," 120,749 ",0.1%, 239 , 346 ,14.2%,12.0%,,,,,,
"Comanche County, TX",,,,," 13,635 ",0.0%, 110 , 477 ,,10.1%,,,,,,
"Concho County, TX",,,,," 2,726 ",0.0%, 220 , 220 ,,14.3%,,,,,,
"Cook County, GA",,,,," 17,270 ",0.0%, 151 , 180 ,5.9%,11.4%,,,,,,
"Cooke County, TX",,,,," 41,257 ",0.0%, 136 , 153 ,,19.7%,,,,,,
"Coos County, OR",,,,," 64,487 ",0.0%, 132 , 143 ,6.2%,10.0%,,,,,,
"Coosa County, AL",,,,," 10,663 ",0.0%, 206 , 844 ,27.6%,23.1%,,,,,,
"Copiah County, MS",,,,," 28,065 ",0.0%, 93 , 171 ,12.4%,10.8%,,,,,,
"Corson County, SD",,,,," 4,086 ",0.0%, 24 , 49 ,20.0%,0.0%,,,,,,
"Coshocton County, OH",,,,," 36,600 ",0.0%, 115 , 96 ,7.2%,11.6%,,,,,,
"Cotton County, OK",,,,," 5,666 ",0.0%, 229 , 194 ,8.3%,15.4%,,,,,,
"Covington city, VA",,,,," 5,538 ",0.0%, 379 , 397 ,16.2%,15.8%,,,,,,
"Covington County, AL",,,,," 37,049 ",0.0%, 197 , 219 ,11.9%,16.2%,,,,,,
"Coweta County, GA",,,,," 148,509 ",0.1%, 243 , 218 ,10.2%,9.2%,,,,,,
"Craig County, VA",,,,," 5,131 ",0.0%, 117 , 97 ,6.2%,17.8%,,,,,,
"Crawford County, GA",,,,," 12,404 ",0.0%, 137 , 73 ,11.1%,13.6%,,,,,,
"Crawford County, IA",,,,," 16,820 ",0.0%," 1,457 ", 172 ,12.3%,13.1%,,,,,,
"Crawford County, IN",,,,," 10,577 ",0.0%, 38 , 151 ,4.0%,11.6%,,,,,,
"Crawford County, KS",,,,," 38,818 ",0.0%, 137 , 247 ,7.1%,13.5%,,,,,,
"Crawford County, PA",,,,," 84,629 ",0.0%, 128 , 129 ,8.4%,11.3%,,,,,,
"Creek County, OK",,,,," 71,522 ",0.0%, 204 , 260 ,16.7%,31.6%,,,,,,
"Crenshaw County, AL",,,,," 13,772 ",0.0%, 240 , 312 ,18.4%,17.4%,,,,,,
"Crisp County, GA",,,,," 22,372 ",0.0%, 85 , 98 ,11.9%,14.9%,,,,,,
"Crittenden County, AR",,,,," 47,955 ",0.0%, 65 , 173 ,11.4%,6.1%,,,,,,
"Crittenden County, KY",,,,," 8,806 ",0.0%, 125 , 284 ,15.0%,4.0%,,,,,,
"Crockett County, TN",,,,," 14,230 ",0.0%, 274 , 379 ,8.6%,11.4%,,,,,,
"Crockett County, TX",,,,," 3,464 ",0.0%, 144 , 577 ,,0.0%,,,,,,
"Crosby County, TX",,,,," 5,737 ",0.0%, -   , 994 ,,8.3%,,,,,,
"Cross County, AR",,,,," 16,419 ",0.0%, 85 , 116 ,10.2%,7.0%,,,,,,
"Crowley County, CO",,,,," 6,061 ",0.0%, 594 , 808 ,4.4%,4.8%,,,,,,
"Culberson County, TX",,,,," 2,171 ",0.0%, 276 , 92 ,,11.1%,,,,,,
"Cumberland County, NC",,,,," 335,509 ",0.1%, 213 , 266 ,15.1%,15.0%,,,,,,
"Cumberland County, TN",,,,," 60,520 ",0.0%, 192 , 397 ,8.5%,7.4%,,,,,,
"Cumberland County, VA",,,,," 9,932 ",0.0%, 141 , 181 ,9.8%,17.6%,,,,,,
"Cuming County, NE",,,,," 8,846 ",0.0%, 45 , 124 ,2.0%,25.0%,,,,,,
"Currituck County, NC",,,,," 27,763 ",0.0%, 364 , 295 ,15.5%,9.5%,,,,,,
"Custer County, NE",,,,," 10,777 ",0.0%, 148 , 139 ,12.2%,29.5%,,,,,,
"Custer County, SD",,,,," 8,972 ",0.0%, 78 , 89 ,10.3%,12.9%,,,,,,
"Cuyahoga County, OH",,,,," 1,235,072 ",0.3%, 111 , 126 ,9.1%,10.1%,,,,,,
"Dade County, GA",,,,," 16,116 ",0.0%, 242 , 261 ,2.9%,16.0%,,,,,,
"Dale County, AL",,,,," 49,172 ",0.0%, 203 , 226 ,19.6%,20.8%,,,,,,
"Dallam County, TX",,,,," 7,287 ",0.0%, 41 , 165 ,,16.7%,,,,,,
"Dallas County, AL",,,,," 37,196 ",0.0%, 145 , 38 ,17.0%,4.9%,,,,,,
"Dallas County, IA",,,,," 93,453 ",0.0%," 1,439 ", 236 ,8.9%,10.6%,,,,,,
"Dallas County, TX",,,,," 2,635,516 ",1.0%, 140 , 268 ,,12.7%,,,,,,
"Danville city, VA",,,,," 40,044 ",0.0%, 305 , 537 ,13.1%,16.4%,,,,,,
"Darke County, OH",,,,," 51,113 ",0.0%, 72 , 131 ,12.0%,17.4%,,,,,,
"Darlington County, SC",,,,," 66,618 ",0.0%, 260 , 411 ,4.1%,9.4%,,,,,,
"Davidson County, NC",,,,," 167,609 ",0.1%, 224 , 268 ,8.7%,10.0%,,,,,,
"Davidson County, TN",,,,," 694,144 ",0.2%, 266 , 391 ,5.3%,6.6%,,,,,,
"Daviess County, KY",,,,," 101,511 ",0.0%, 205 , 264 ,16.1%,14.3%,,,,,,
"Davis County, IA",,,,," 9,000 ",0.0%, 856 , 133 ,8.8%,9.7%,,,,,,
"Davis County, UT",,,,," 355,481 ",0.1%, 176 , 206 ,10.6%,10.7%,,,,,,
"Dawes County, NE",,,,," 8,589 ",0.0%, 105 , 244 ,7.5%,18.3%,,,,,,
"Dawson County, GA",,,,," 26,108 ",0.0%, 211 , 234 ,9.2%,10.6%,,,,,,
"Dawson County, MT",,,,," 8,613 ",0.0%, 104 , 139 ,22.2%,11.4%,,,,,,
"Deaf Smith County, TX",,,,," 18,546 ",0.0%, 38 , 399 ,,10.7%,,,,,,
"Dearborn County, IN",,,,," 49,458 ",0.0%, 164 , 208 ,12.5%,11.9%,,,,,,
"Decatur County, IA",,,,," 7,870 ",0.0%, 394 , 114 ,0.0%,1.7%,,,,,,
"Decatur County, TN",,,,," 11,663 ",0.0%, 51 , 103 ,20.7%,8.8%,,,,,,
"Defiance County, OH",,,,," 38,087 ",0.0%, 165 , 165 ,19.2%,19.0%,,,,,,
"DeKalb County, AL",,,,," 71,513 ",0.0%, 81 , 113 ,13.1%,12.6%,,,,,,
"Delaware County, OK",,,,," 43,009 ",0.0%, 126 , 193 ,14.7%,12.4%,,,,,,
"Delta County, TX",,,,," 5,331 ",0.0%, 113 , 188 ,,19.2%,,,,,,
"Denton County, TX",,,,," 887,207 ",0.3%, 36 , 399 ,,13.7%,,,,,,
"Des Moines County, IA",,,,," 38,967 ",0.0%, 898 , 167 ,6.2%,6.2%,,,,,,
"Desha County, AR",,,,," 11,361 ",0.0%, 141 , 255 ,7.9%,12.7%,,,,,,
"DeSoto County, FL",,,,," 38,001 ",0.0%, 337 , 200 ,14.5%,9.5%,,,,,,
"DeSoto County, MS",,,,," 184,945 ",0.1%, 165 , 212 ,11.0%,7.7%,,,,,,
"Deuel County, NE",,,,," 1,794 ",0.0%, 56 , 56 ,14.3%,14.3%,,,,,,
"Dewey County, OK",,,,," 4,891 ",0.0%, 82 , 82 ,25.0%,28.6%,,,,,,
"Dewey County, SD",,,,," 5,892 ",0.0%, 153 , 85 ,25.0%,0.0%,,,,,,
"Dickens County, TX",,,,," 2,211 ",0.0%, 45 , 452 ,,25.0%,,,,,,
"Dickenson County, VA",,,,," 14,318 ",0.0%, 126 , 105 ,18.9%,11.6%,,,,,,
"Dickinson County, IA",,,,," 17,258 ",0.0%," 1,055 ", 220 ,13.1%,8.6%,,,,,,
"Dickinson County, KS",,,,," 18,466 ",0.0%, 60 , 146 ,5.3%,12.9%,,,,,,
"Dillon County, SC",,,,," 30,479 ",0.0%, 351 , 404 ,20.4%,17.3%,,,,,,
"Dimmit County, TX",,,,," 10,124 ",0.0%, 20 , 948 ,,19.0%,,,,,,
"Dinwiddie County, VA",,,,," 28,544 ",0.0%, 189 , 301 ,15.0%,16.9%,,,,,,
"Dixie County, FL",,,,," 16,826 ",0.0%, 155 , 149 ,7.9%,10.1%,,,,,,
"Dixon County, NE",,,,," 5,636 ",0.0%, 142 , 106 ,25.0%,4.4%,,,,,,
"Doddridge County, WV",,,,," 8,448 ",0.0%, 130 , 213 ,3.1%,12.1%,,,,,,
"Dodge County, NE",,,,," 36,565 ",0.0%, 118 , 164 ,16.1%,10.7%,,,,,,
"Dooly County, GA",,,,," 13,390 ",0.0%, 75 , 90 ,18.2%,15.6%,,,,,,
"Dorado Municipio, PR",,,,," 38,165 ",0.0%, 42 , 68 ,12.1%,11.4%,,,,,,
"Dorchester County, MD",,,,," 31,929 ",0.0%, 238 , 216 ,10.6%,8.2%,,,,,,
"Dorchester County, SC",,,,," 162,809 ",0.1%, 346 , 428 ,20.2%,12.8%,,,,,,
"Douglas County, GA",,,,," 146,343 ",0.1%, 241 , 297 ,10.4%,13.2%,,,,,,
"Douglas County, IL",,,,," 19,465 ",0.0%, 565 , 478 ,7.6%,8.3%,,,,,,
"Douglas County, SD",,,,," 2,921 ",0.0%, 137 , 137 ,25.0%,0.0%,,,,,,
"Douglas County, WA",,,,," 43,429 ",0.0%, 85 , 99 ,2.9%,12.5%,,,,,,
"Dubuque County, IA",,,,," 97,311 ",0.0%," 1,277 ", 164 ,5.9%,7.5%,,,,,,
"Dundy County, NE",,,,," 1,693 ",0.0%, 177 , 236 ,3.8%,13.3%,,,,,,
"Dunklin County, MO",,,,," 29,131 ",0.0%, 31 , 45 ,7.7%,15.2%,,,,,,
"Dyer County, TN",,,,," 37,159 ",0.0%, 234 , 291 ,6.9%,10.2%,,,,,,
"Early County, GA",,,,," 10,190 ",0.0%, 118 , 226 ,4.0%,12.2%,,,,,,
"East Carroll Parish, LA",,,,," 6,861 ",0.0%, 15 , 58 ,3.2%,10.7%,,,,,,
"Eastland County, TX",,,,," 18,360 ",0.0%, 109 , 245 ,,16.3%,,,,,,
"Echols County, GA",,,,," 4,006 ",0.0%, 150 , 100 ,25.0%,0.0%,,,,,,
"Ector County, TX",,,,," 166,223 ",0.1%, 83 , 679 ,,16.4%,,,,,,
"Edgecombe County, NC",,,,," 51,472 ",0.0%, 280 , 398 ,7.3%,9.1%,,,,,,
"Edgefield County, SC",,,,," 27,260 ",0.0%, 473 , 437 ,29.1%,24.2%,,,,,,
"Edmonson County, KY",,,,," 12,150 ",0.0%, 99 , 230 ,22.2%,22.7%,,,,,,
"Edwards County, IL",,,,," 6,395 ",0.0%, 125 , 94 ,11.5%,8.1%,,,,,,
"Edwards County, KS",,,,," 2,798 ",0.0%, 214 , 107 ,12.5%,10.5%,,,,,,
"Effingham County, GA",,,,," 64,296 ",0.0%, 201 , 246 ,10.0%,9.8%,,,,,,
"El Paso County, TX",,,,," 839,238 ",0.3%, 245 , 337 ,,14.4%,,,,,,
"Elbert County, GA",,,,," 19,194 ",0.0%, 141 , 182 ,12.3%,19.2%,,,,,,
"Elk County, KS",,,,," 2,530 ",0.0%, -   , 158 ,0.0%,16.7%,,,,,,
"Elko County, NV",,,,," 52,778 ",0.0%, 136 , 123 ,16.0%,15.9%,,,,,,
"Ellis County, KS",,,,," 28,553 ",0.0%, 182 , 189 ,10.1%,8.8%,,,,,,
"Ellis County, OK",,,,," 3,859 ",0.0%, 52 , 155 ,25.0%,28.6%,,,,,,
"Ellis County, TX",,,,," 184,826 ",0.1%, 189 , 304 ,,11.0%,,,,,,
"Elmore County, AL",,,,," 81,209 ",0.0%, 190 , 251 ,9.9%,13.7%,,,,,,
"Emanuel County, GA",,,,," 22,646 ",0.0%, 128 , 155 ,11.1%,7.9%,,,,,,
"Emmet County, IA",,,,," 9,208 ",0.0%, 804 , 87 ,2.4%,2.9%,,,,,,
"Emporia city, VA",,,,," 5,346 ",0.0%, 75 , 281 ,14.6%,30.9%,,,,,,
"Escambia County, FL",,,,," 318,316 ",0.2%, 144 , 228 ,7.9%,11.5%,,,,,,
"Estill County, KY",,,,," 14,106 ",0.0%, 220 , 92 ,15.7%,6.8%,,,,,,
"Etowah County, AL",,,,," 102,268 ",0.0%, 106 , 151 ,11.6%,12.2%,,,,,,
"Eureka County, NV",,,,," 2,029 ",0.0%, 99 , 148 ,0.0%,40.0%,,,,,,
"Evans County, GA",,,,," 10,654 ",0.0%, 131 , 235 ,15.4%,12.0%,,,,,,
"Fairfax city, VA",,,,," 24,019 ",0.0%, 92 , 75 ,33.3%,0.0%,,,,,,
"Fairfield County, SC",,,,," 22,347 ",0.0%, 197 , 215 ,11.8%,8.2%,,,,,,
"Fayette County, AL",,,,," 16,302 ",0.0%, 264 , 141 ,11.2%,17.6%,,,,,,
"Fayette County, GA",,,,," 114,421 ",0.0%, 231 , 273 ,10.1%,11.4%,,,,,,
"Fayette County, IA",,,,," 19,650 ",0.0%, 448 , 122 ,4.9%,8.2%,,,,,,
"Fayette County, KY",,,,," 323,152 ",0.1%, 211 , 228 ,8.5%,12.9%,,,,,,
"Fayette County, OH",,,,," 28,525 ",0.0%, 158 , 207 ,7.5%,15.0%,,,,,,
"Fayette County, TN",,,,," 41,133 ",0.0%, 199 , 586 ,5.0%,7.5%,,,,,,
"Fayette County, TX",,,,," 25,346 ",0.0%, 126 , 260 ,,11.6%,,,,,,
"Fleming County, KY",,,,," 14,581 ",0.0%, 82 , 219 ,7.6%,13.5%,,,,,,
"Florence County, SC",,,,," 138,293 ",0.1%, 265 , 415 ,16.1%,13.0%,,,,,,
"Floyd County, IA",,,,," 15,642 ",0.0%," 1,010 ", 90 ,3.7%,5.9%,,,,,,
"Floyd County, IN",,,,," 78,522 ",0.0%, 116 , 183 ,6.1%,10.8%,,,,,,
"Floyd County, TX",,,,," 5,712 ",0.0%, -   , 665 ,,7.7%,,,,,,
"Floyd County, VA",,,,," 15,749 ",0.0%, 121 , 63 ,12.6%,8.6%,,,,,,
"Foard County, TX",,,,," 1,155 ",0.0%, -   , 433 ,,50.0%,,,,,,
"Forest County, PA",,,,," 7,247 ",0.1%, 179 , 193 ,12.4%,19.8%,,,,,,
"Forsyth County, GA",,,,," 244,252 ",0.1%, 272 , 295 ,10.0%,10.5%,,,,,,
"Fort Bend County, TX",,,,," 811,688 ",0.3%, 34 , 302 ,,12.0%,,,,,,
"Foster County, ND",,,,," 3,210 ",0.0%, 156 , 125 ,10.3%,11.4%,,,,,,
"Franklin city, VA",,,,," 7,967 ",0.0%, 402 , 364 ,8.2%,8.6%,,,,,,
"Franklin County, GA",,,,," 23,349 ",0.0%, 124 , 218 ,10.7%,16.7%,,,,,,
"Franklin County, IA",,,,," 10,070 ",0.0%, 953 , 50 ,2.1%,3.3%,,,,,,
"Franklin County, ID",,,,," 13,876 ",0.0%, 94 , 144 ,21.3%,19.5%,,,,,,
"Franklin County, MS",,,,," 7,713 ",0.0%, 143 , 130 ,17.2%,10.6%,,,,,,
"Franklin County, TX",,,,," 10,725 ",0.0%, 84 , 205 ,,14.0%,,,,,,
"Franklin County, VA",,,,," 56,042 ",0.0%, 136 , 194 ,10.8%,11.7%,,,,,,
"Franklin County, WA",,,,," 95,222 ",0.0%, 158 , 245 ,3.3%,11.8%,,,,,,
"Franklin Parish, LA",,,,," 20,015 ",0.0%, 25 , 175 ,8.1%,16.3%,,,,,,
"Fredericksburg city, VA",,,,," 29,036 ",0.0%, 121 , 241 ,6.6%,12.0%,,,,,,
"Fremont County, IA",,,,," 6,960 ",0.0%, 589 , 43 ,8.3%,4.0%,,,,,,
"Fresno County, CA",,,,," 999,101 ",0.4%, 157 , 186 ,12.7%,,,,,,,
"Fulton County, KY",,,,," 5,969 ",0.0%, 67 , 101 ,3.8%,11.9%,,,,,,
"Fulton County, NY",,,,," 53,383 ",0.0%, 350 , 436 ,11.0%,9.7%,,,,,,
"Fulton County, OH",,,,," 42,126 ",0.0%, 112 , 226 ,9.8%,22.6%,,,,,,
"Gage County, NE",,,,," 21,513 ",0.0%, 93 , 107 ,13.5%,10.4%,,,,,,
"Gallatin County, IL",,,,," 4,828 ",0.0%, 145 , 145 ,14.9%,6.0%,,,,,,
"Gallia County, OH",,,,," 29,898 ",0.0%, 117 , 151 ,11.8%,13.3%,,,,,,
"Galveston County, TX",,,,," 342,139 ",0.2%, 198 , 303 ,,12.6%,,,,,,
"Garfield County, MT",,,,," 1,258 ",0.0%, 79 , 79 ,33.3%,16.7%,,,,,,
"Garfield County, OK",,,,," 61,056 ",0.0%, 182 , 236 ,16.5%,15.3%,,,,,,
"Garland County, AR",,,,," 99,386 ",0.0%, 243 , 310 ,16.2%,9.6%,,,,,,
"Garrard County, KY",,,,," 17,666 ",0.0%, 142 , 204 ,11.7%,8.1%,,,,,,
"Garza County, TX",,,,," 6,229 ",0.0%, -   , 498 ,,2.9%,,,,,,
"Gaston County, NC",,,,," 224,529 ",0.1%, 258 , 270 ,10.9%,9.6%,,,,,,
"Gates County, NC",,,,," 11,562 ",0.0%, 441 , 398 ,14.2%,10.3%,,,,,,
"Geauga County, OH",,,,," 93,649 ",0.0%, 141 , 176 ,13.0%,16.7%,,,,,,
"Georgetown County, SC",,,,," 62,680 ",0.0%, 247 , 400 ,11.2%,11.6%,,,,,,
"Gibson County, TN",,,,," 49,133 ",0.0%, 234 , 234 ,10.9%,9.3%,,,,,,
"Gilchrist County, FL",,,,," 18,582 ",0.0%, 500 , 204 ,14.1%,8.3%,,,,,,
"Giles County, TN",,,,," 29,464 ",0.0%, 400 , 519 ,11.1%,10.9%,,,,,,
"Gillespie County, TX",,,,," 26,988 ",0.0%, 26 , 200 ,,12.5%,,,,,,
"Gilmer County, GA",,,,," 31,369 ",0.0%, 99 , 175 ,8.6%,12.1%,,,,,,
"Gilmer County, WV",,,,," 7,823 ",0.0%, 460 , 179 ,14.0%,4.4%,,,,,,
"Glades County, FL",,,,," 13,811 ",0.0%, 94 , 87 ,10.6%,10.4%,,,,,,
"Glascock County, GA",,,,," 2,971 ",0.0%, 168 , 269 ,0.0%,33.3%,,,,,,
"Gloucester County, VA",,,,," 37,348 ",0.0%, 241 , 305 ,12.8%,15.8%,,,,,,
"Gogebic County, MI",,,,," 13,975 ",0.0%, 114 , 258 ,8.1%,10.4%,,,,,,
"Golden Valley County, ND",,,,," 1,761 ",0.0%, 57 , 57 ,0.0%,11.1%,,,,,,
"Goliad County, TX",,,,," 7,658 ",0.0%, -   , 235 ,,14.5%,,,,,,
"Gonzales County, TX",,,,," 20,837 ",0.0%, 58 , 274 ,,19.4%,,,,,,
"Gordon County, GA",,,,," 57,963 ",0.0%, 550 , 471 ,15.3%,13.6%,,,,,,
"Goshen County, WY",,,,," 13,211 ",0.0%, 53 , 38 ,22.2%,,,,,,,
"Gove County, KS",,,,," 2,636 ",0.0%, 76 , -   ,14.3%,0.0%,,,,,,
"Grady County, GA",,,,," 24,633 ",0.0%, 126 , 122 ,10.1%,14.5%,,,,,,
"Grady County, OK",,,,," 55,834 ",0.0%, 113 , 208 ,8.2%,13.9%,,,,,,
"Grafton County, NH",,,,," 89,886 ",0.0%, 243 , 128 ,17.1%,8.5%,,,,,,
"Graham County, AZ",,,,," 38,837 ",0.0%, 106 , 152 ,11.2%,9.9%,,,,,,
"Grainger County, TN",,,,," 23,320 ",0.0%, 313 , 262 ,12.6%,9.2%,,,,,,
"Grand County, CO",,,,," 15,734 ",0.0%, 426 , 528 ,13.5%,14.4%,,,,,,
"Grant County, AR",,,,," 18,265 ",0.0%, 109 , 235 ,15.9%,8.8%,,,,,,
"Grant County, IN",,,,," 65,769 ",0.0%, 75 , 151 ,9.1%,12.4%,,,,,,
"Grant County, KY",,,,," 25,069 ",0.0%, 247 , 351 ,10.8%,12.4%,,,,,,
"Grant County, NE",,,,, 623 ,0.0%, 642 , 803 ,100.0%,66.7%,,,,,,
"Grant County, OK",,,,," 4,333 ",0.0%, 208 , 254 ,22.2%,33.3%,,,,,,
"Grant County, SD",,,,," 7,052 ",0.0%, 99 , 213 ,6.5%,13.8%,,,,,,
"Grant County, WV",,,,," 11,568 ",0.0%, 147 , 147 ,10.7%,7.1%,,,,,,
"Graves County, KY",,,,," 37,266 ",0.0%, 161 , 231 ,10.6%,9.9%,,,,,,
"Gray County, TX",,,,," 21,886 ",0.0%, 475 , 270 ,,9.5%,,,,,,
"Grayson County, KY",,,,," 26,427 ",0.0%, 140 , 208 ,11.6%,9.5%,,,,,,
"Grayson County, TX",,,,," 136,212 ",0.0%, 170 , 250 ,,13.0%,,,,,,
"Green County, KY",,,,," 10,941 ",0.0%, 91 , 292 ,10.2%,3.8%,,,,,,
"Green County, WI",,,,," 36,960 ",0.0%, 287 , 338 ,9.0%,10.7%,,,,,,
"Greene County, AL",,,,," 8,111 ",0.0%, 210 , 321 ,8.7%,10.4%,,,,,,
"Greene County, GA",,,,," 18,324 ",0.0%, 246 , 278 ,9.9%,16.3%,,,,,,
"Greene County, IA",,,,," 8,888 ",0.0%, 518 , 34 ,1.3%,5.4%,,,,,,
"Greene County, OH",,,,," 168,937 ",0.0%, 125 , 164 ,10.2%,9.6%,,,,,,
"Greensville County, VA",,,,," 11,336 ",0.0%, 415 , 415 ,4.6%,5.6%,,,,,,
"Greenville County, SC",,,,," 523,542 ",0.3%, 337 , 426 ,25.7%,13.9%,,,,,,
"Greenwood County, KS",,,,," 5,982 ",0.0%, 84 , 117 ,13.8%,20.0%,,,,,,
"Greenwood County, SC",,,,," 70,811 ",0.0%, 236 , 371 ,19.0%,18.2%,,,,,,
"Greer County, OK",,,,," 5,712 ",0.0%, 298 , 613 ,15.6%,13.9%,,,,,,
"Gregg County, TX",,,,," 123,945 ",0.1%, 138 , 410 ,,7.5%,,,,,,
"Gregory County, SD",,,,," 4,185 ",0.0%, 215 , 191 ,10.7%,0.0%,,,,,,
"Grenada County, MS",,,,," 20,758 ",0.0%, 202 , 371 ,15.0%,11.8%,,,,,,
"Grundy County, IA",,,,," 12,232 ",0.0%, 662 , 204 ,7.6%,16.4%,,,,,,
"Grundy County, TN",,,,," 13,427 ",0.0%, 566 , 506 ,11.2%,9.0%,,,,,,
"Guánica Municipio, PR",,,,," 19,427 ",0.0%, 26 , 10 ,100.0%,,,,,,,
"Guayama Municipio, PR",,,,," 45,362 ",0.0%, 13 , 20 ,0.0%,20.0%,,,,,,
"Guernsey County, OH",,,,," 38,875 ",0.0%, 113 , 154 ,8.6%,12.6%,,,,,,
"Gulf County, FL",,,,," 13,639 ",0.0%, 330 , 403 ,17.5%,17.8%,,,,,,
"Gunnison County, CO",,,,," 17,462 ",0.0%, 246 , 510 ,5.1%,6.0%,,,,,,
"Guthrie County, IA",,,,," 10,689 ",0.0%, 786 , 56 ,7.2%,5.7%,,,,,,
"Gwinnett County, GA",,,,," 936,250 ",0.6%, 200 , 233 ,10.8%,13.6%,,,,,,
"Haakon County, SD",,,,," 1,899 ",0.0%, 53 , 105 ,11.1%,0.0%,,,,,,
"Habersham County, GA",,,,," 45,328 ",0.0%, 130 , 205 ,7.5%,17.3%,,,,,,
"Halifax County, VA",,,,," 33,911 ",0.0%, 262 , 354 ,20.8%,20.4%,,,,,,
"Hall County, NE",,,,," 61,353 ",0.0%, 158 , 176 ,10.8%,13.6%,,,,,,
"Hall County, TX",,,,," 2,964 ",0.0%, -   , 877 ,,28.6%,,,,,,
"Hamilton County, IA",,,,," 14,773 ",0.0%," 1,354 ", 196 ,6.9%,11.8%,,,,,,
"Hamilton County, NY",,,,," 4,416 ",0.0%, 249 , 408 ,13.3%,15.3%,,,,,,
"Hampton city, VA",,,,," 134,510 ",0.1%, 250 , 305 ,16.8%,19.5%,,,,,,
"Hampton County, SC",,,,," 19,222 ",0.0%, 161 , 265 ,11.4%,11.2%,,,,,,
"Hancock County, GA",,,,," 8,457 ",0.0%, 106 , 177 ,10.2%,21.1%,,,,,,
"Hancock County, IA",,,,," 10,630 ",0.0%, 960 , 47 ,1.6%,5.0%,,,,,,
"Hancock County, KY",,,,," 8,722 ",0.0%, 161 , 264 ,20.3%,18.3%,,,,,,
"Hancock County, TN",,,,," 6,620 ",0.0%, 106 , 514 ,7.7%,21.9%,,,,,,
"Hansford County, TX",,,,," 5,399 ",0.0%, 19 , 796 ,,35.7%,,,,,,
"Hanson County, SD",,,,," 3,453 ",0.0%, 87 , 261 ,15.0%,28.6%,,,,,,
"Haralson County, GA",,,,," 29,792 ",0.0%, 134 , 148 ,12.6%,22.1%,,,,,,
"Hardee County, FL",,,,," 26,937 ",0.0%, 204 , 238 ,14.1%,16.3%,,,,,,
"Hardeman County, TN",,,,," 25,050 ",0.0%, 403 , 228 ,2.0%,5.3%,,,,,,
"Hardeman County, TX",,,,," 3,933 ",0.0%, 25 , 381 ,,22.2%,,,,,,
"Hardin County, IA",,,,," 16,846 ",0.0%, 790 , 113 ,7.6%,8.5%,,,,,,
"Hardin County, KY",,,,," 110,958 ",0.0%, 161 , 212 ,12.3%,11.6%,,,,,,
"Hardin County, OH",,,,," 31,365 ",0.0%, 128 , 150 ,10.9%,15.9%,,,,,,
"Hardin County, TN",,,,," 25,652 ",0.0%, 277 , 444 ,5.5%,5.1%,,,,,,
"Hardin County, TX",,,,," 57,602 ",0.0%, 214 , 517 ,,10.7%,,,,,,
"Harlan County, NE",,,,," 3,380 ",0.0%, 59 , 30 ,0.0%,16.7%,,,,,,
"Harmon County, OK",,,,," 2,653 ",0.0%, 226 , 151 ,66.7%,0.0%,,,,,,
"Harnett County, NC",,,,," 135,976 ",0.0%, 209 , 246 ,10.2%,9.7%,,,,,,
"Harney County, OR",,,,," 7,393 ",0.0%, 311 , 419 ,13.3%,5.4%,,,,,,
"Harper County, KS",,,,," 5,436 ",0.0%, 37 , 276 ,2.9%,12.8%,,,,,,
"Harris County, GA",,,,," 35,236 ",0.0%, 165 , 190 ,12.0%,14.9%,,,,,,
"Harris County, TX",,,,," 4,713,325 ",1.2%, 154 , 182 ,,11.7%,,,,,,
"Harrison County, IA",,,,," 14,049 ",0.0%, 925 , 93 ,10.2%,8.2%,,,,,,
"Harrison County, IN",,,,," 40,515 ",0.0%, 146 , 215 ,9.7%,11.1%,,,,,,
"Harrison County, KY",,,,," 18,886 ",0.0%, 148 , 180 ,20.1%,9.7%,,,,,,
"Harrison County, MO",,,,," 8,352 ",0.0%, 36 , 120 ,1.9%,16.7%,,,,,,
"Harrison County, OH",,,,," 15,040 ",0.0%, 106 , 206 ,15.8%,14.8%,,,,,,
"Harrisonburg city, VA",,,,," 53,016 ",0.0%, 124 , 230 ,8.7%,13.4%,,,,,,
"Hart County, GA",,,,," 26,205 ",0.0%, 149 , 187 ,11.3%,23.6%,,,,,,
"Hart County, KY",,,,," 19,035 ",0.0%, 105 , 289 ,17.8%,11.2%,,,,,,
"Haskell County, OK",,,,," 12,627 ",0.0%, 127 , 166 ,0.0%,12.5%,,,,,,
"Hawkins County, TN",,,,," 56,786 ",0.0%, 171 , 201 ,12.0%,9.8%,,,,,,
"Hayes County, NE",,,,, 922 ,0.0%, -   , 108 ,0.0%,25.0%,,,,,,
"Haywood County, TN",,,,," 17,304 ",0.0%, 283 , 405 ,10.6%,11.5%,,,,,,
"Heard County, GA",,,,," 11,923 ",0.0%, 134 , 210 ,8.7%,12.3%,,,,,,
"Henderson County, KY",,,,," 45,210 ",0.0%, 113 , 203 ,31.8%,21.1%,,,,,,
"Henderson County, TN",,,,," 28,117 ",0.0%, 92 , 277 ,7.1%,18.2%,,,,,,
"Henderson County, TX",,,,," 82,737 ",0.0%, 167 , 311 ,,15.1%,,,,,,
"Hendry County, FL",,,,," 42,022 ",0.0%, 169 , 176 ,11.5%,15.9%,,,,,,
"Henry County, AL",,,,," 17,205 ",0.0%, 169 , 198 ,12.8%,13.8%,,,,,,
"Henry County, GA",,,,," 234,561 ",0.1%, 212 , 237 ,11.7%,13.8%,,,,,,
"Henry County, IA",,,,," 19,954 ",0.0%, 777 , 155 ,5.6%,7.3%,,,,,,
"Henry County, KY",,,,," 16,126 ",0.0%, 279 , 192 ,12.0%,11.4%,,,,,,
"Henry County, OH",,,,," 27,006 ",0.0%, 107 , 141 ,0.0%,11.1%,,,,,,
"Henry County, TN",,,,," 32,345 ",0.0%, 371 , 343 ,10.8%,11.0%,,,,,,
"Henry County, VA",,,,," 50,557 ",0.0%, 176 , 293 ,7.2%,13.3%,,,,,,
"Hernando County, FL",,,,," 193,920 ",0.1%, 170 , 192 ,12.9%,12.4%,,,,,,
"Hettinger County, ND",,,,," 2,499 ",0.0%, 480 , -   ,4.0%,0.0%,,,,,,
"Hickman County, KY",,,,," 4,380 ",0.0%, 320 , 411 ,10.7%,10.3%,,,,,,
"Hickman County, TN",,,,," 25,178 ",0.0%, 489 , 639 ,7.5%,6.5%,,,,,,
"Hidalgo County, TX",,,,," 868,707 ",0.2%, 199 , 394 ,,13.8%,,,,,,
"Highland County, OH",,,,," 43,161 ",0.0%, 132 , 190 ,12.9%,5.4%,,,,,,
"Highland County, VA",,,,," 2,190 ",0.0%, 137 , 46 ,6.7%,14.3%,,,,,,
"Hillsborough County, NH",,,,," 417,025 ",0.2%, 167 , 176 ,11.9%,11.7%,,,,,,
"Hillsdale County, MI",,,,," 45,605 ",0.0%, 92 , 136 ,9.6%,11.2%,,,,,,
"Hinds County, MS",,,,," 231,840 ",0.1%, 85 , 173 ,8.6%,10.7%,,,,,,
"Hitchcock County, NE",,,,," 2,762 ",0.0%, 217 , 615 ,8.3%,4.3%,,,,,,
"Hockley County, TX",,,,," 23,021 ",0.0%, 13 , 591 ,,12.5%,,,,,,
"Hodgeman County, KS",,,,," 1,794 ",0.0%, 56 , 390 ,9.1%,42.9%,,,,,,
"Hoke County, NC",,,,," 55,234 ",0.0%, 156 , 239 ,13.2%,14.6%,,,,,,
"Holmes County, OH",,,,," 43,960 ",0.0%, 64 , 82 ,13.3%,15.1%,,,,,,
"Holt County, MO",,,,," 4,403 ",0.0%, 45 , -   ,10.0%,12.5%,,,,,,
"Hood County, TX",,,,," 61,643 ",0.0%, 138 , 229 ,,12.7%,,,,,,
"Hood River County, OR",,,,," 23,382 ",0.0%, 38 , 77 ,10.6%,7.8%,,,,,,
"Hopewell city, VA",,,,," 22,529 ",0.0%, 417 , 337 ,14.4%,12.7%,,,,,,
"Hopkins County, TX",,,,," 37,084 ",0.0%, 100 , 245 ,,15.0%,,,,,,
"Horry County, SC",,,,," 354,081 ",0.1%, 404 , 491 ,27.1%,15.0%,,,,,,
"Houston County, AL",,,,," 105,882 ",0.0%, 129 , 162 ,11.8%,12.6%,,,,,,
"Houston County, GA",,,,," 157,863 ",0.1%, 274 , 186 ,11.3%,11.1%,,,,,,
"Houston County, TN",,,,," 8,201 ",0.0%, 98 , 451 ,3.7%,1.0%,,,,,,
"Howard County, AR",,,,," 13,202 ",0.0%, 151 , 379 ,8.5%,1.7%,,,,,,
"Howard County, IA",,,,," 9,158 ",0.0%, 568 , 251 ,4.6%,13.3%,,,,,,
"Howard County, NE",,,,," 6,445 ",0.0%, 109 , 62 ,13.3%,8.3%,,,,,,
"Howell County, MO",,,,," 40,117 ",0.0%, 27 , 55 ,10.7%,17.2%,,,,,,
"Hudspeth County, TX",,,,," 4,886 ",0.0%, 123 , 368 ,,12.8%,,,,,,
"Hughes County, OK",,,,," 13,279 ",0.0%, 98 , 196 ,20.3%,20.0%,,,,,,
"Humboldt County, IA",,,,," 9,558 ",0.0%, 586 , 105 ,4.0%,7.4%,,,,,,
"Huntington County, IN",,,,," 36,520 ",0.0%, 112 , 340 ,11.7%,8.8%,,,,,,
"Hutchinson County, SD",,,,," 7,291 ",0.0%, 165 , 123 ,27.3%,12.0%,,,,,,
"Hutchinson County, TX",,,,," 20,938 ",0.0%, 5 , 435 ,,4.8%,,,,,,
"Hyde County, NC",,,,," 4,937 ",0.0%, 122 , 122 ,3.7%,10.5%,,,,,,
"Iberville Parish, LA",,,,," 32,511 ",0.0%, 163 , 185 ,4.8%,12.5%,,,,,,
"Ida County, IA",,,,," 6,860 ",0.0%," 1,560 ", 73 ,2.0%,6.9%,,,,,,
"Ionia County, MI",,,,," 64,697 ",0.0%, 65 , 105 ,13.7%,9.3%,,,,,,
"Iowa County, IA",,,,," 16,184 ",0.0%, 463 , 93 ,6.4%,7.1%,,,,,,
"Iredell County, NC",,,,," 181,806 ",0.1%, 253 , 248 ,11.6%,7.6%,,,,,,
"Irion County, TX",,,,," 1,536 ",0.0%, 195 , 586 ,,11.1%,,,,,,
"Iron County, UT",,,,," 54,839 ",0.0%, 173 , 243 ,11.6%,14.7%,,,,,,
"Iron County, WI",,,,," 5,687 ",0.0%, 281 , 528 ,5.7%,8.6%,,,,,,
"Irwin County, GA",,,,," 9,416 ",0.0%, 149 , 149 ,14.3%,9.1%,,,,,,
"Isle of Wight County, VA",,,,," 37,109 ",0.0%, 229 , 326 ,11.3%,12.5%,,,,,,
"Jack County, TX",,,,," 8,935 ",0.0%, 67 , 90 ,,13.9%,,,,,,
"Jackson County, AL",,,,," 51,626 ",0.0%, 45 , 95 ,8.3%,11.1%,,,,,,
"Jackson County, CO",,,,," 1,392 ",0.0%, 216 , 216 ,4.3%,12.5%,,,,,,
"Jackson County, GA",,,,," 72,977 ",0.1%, 221 , 243 ,10.6%,14.9%,,,,,,
"Jackson County, IA",,,,," 19,439 ",0.0%, 694 , 170 ,9.4%,12.2%,,,,,,
"Jackson County, KS",,,,," 13,171 ",0.0%, 114 , 213 ,9.2%,12.6%,,,,,,
"Jackson County, KY",,,,," 13,329 ",0.0%, 75 , 248 ,10.7%,13.7%,,,,,,
"Jackson County, MS",,,,," 143,617 ",0.1%, 155 , 269 ,11.6%,15.4%,,,,,,
"Jackson County, OK",,,,," 24,530 ",0.0%, 167 , 204 ,11.2%,4.6%,,,,,,
"Jackson County, OR",,,,," 220,944 ",0.0%, 98 , 77 ,10.0%,8.7%,,,,,,
"Jackson County, SD",,,,," 3,344 ",0.0%, 30 , 150 ,50.0%,100.0%,,,,,,
"Jackson County, TN",,,,," 11,786 ",0.0%, 119 ," 1,086 ",4.1%,7.9%,,,,,,
"Jackson County, TX",,,,," 14,760 ",0.0%, 20 , 136 ,,14.4%,,,,,,
"Jasper County, GA",,,,," 14,219 ",0.0%, 204 , 260 ,10.6%,19.1%,,,,,,
"Jasper County, IA",,,,," 37,185 ",0.0%," 1,210 ", 285 ,10.6%,12.0%,,,,,,
"Jasper County, MO",,,,," 121,328 ",0.0%, 57 , 110 ,9.9%,10.1%,,,,,,
"Jasper County, MS",,,,," 16,383 ",0.0%, 415 , 397 ,9.7%,10.7%,,,,,,
"Jasper County, SC",,,,," 30,073 ",0.0%, 176 , 219 ,23.7%,10.8%,,,,,,
"Jeff Davis County, GA",,,,," 15,115 ",0.0%, 192 , 278 ,15.5%,5.3%,,,,,,
"Jeff Davis County, TX",,,,," 2,274 ",0.0%, 528 , 748 ,,10.1%,,,,,,
"Jefferson County, IA",,,,," 18,295 ",0.0%, 590 , 66 ,4.6%,5.4%,,,,,,
"Jefferson County, ID",,,,," 29,871 ",0.0%, 127 , 167 ,13.6%,9.3%,,,,,,
"Jefferson County, KY",,,,," 766,757 ",0.3%, 200 , 219 ,10.3%,9.3%,,,,,,
"Jefferson County, MS",,,,," 6,990 ",0.0%, 14 , 114 ,13.8%,8.7%,,,,,,
"Jefferson County, NE",,,,," 7,046 ",0.0%, 14 , 99 ,4.1%,15.6%,,,,,,
"Jefferson County, OH",,,,," 65,325 ",0.0%, 173 , 202 ,16.0%,15.3%,,,,,,
"Jefferson Davis County, MS",,,,," 11,128 ",0.0%, 162 , 225 ,0.0%,13.6%,,,,,,
"Jenkins County, GA",,,,," 8,676 ",0.0%, 46 , 81 ,8.6%,19.0%,,,,,,
"Jessamine County, KY",,,,," 54,115 ",0.0%, 179 , 183 ,13.0%,10.9%,,,,,,
"Jewell County, KS",,,,," 2,879 ",0.0%, 139 , 139 ,5.9%,12.5%,,,,,,
"Johnson County, GA",,,,," 9,643 ",0.0%, 446 , 124 ,11.5%,8.7%,,,,,,
"Johnson County, IA",,,,," 151,140 ",0.0%, 560 , 107 ,5.2%,6.3%,,,,,,
"Johnson County, KY",,,,," 22,188 ",0.0%, 194 , 221 ,12.5%,10.0%,,,,,,
"Johnson County, MO",,,,," 54,062 ",0.0%, 68 , 104 ,9.9%,14.0%,,,,,,
"Johnson County, NE",,,,," 5,071 ",0.0%, -   , 177 ,14.3%,14.5%,,,,,,
"Johnson County, TX",,,,," 175,817 ",0.1%, 164 , 293 ,,17.2%,,,,,,
"Johnston County, OK",,,,," 11,085 ",0.0%, 298 , 695 ,47.6%,5.4%,,,,,,
"Jones County, GA",,,,," 28,735 ",0.0%, 223 , 195 ,11.0%,13.0%,,,,,,
"Jones County, IA",,,,," 20,681 ",0.0%, 503 , 68 ,4.8%,8.1%,,,,,,
"Jones County, MS",,,,," 68,098 ",0.0%, 219 , 272 ,8.0%,14.4%,,,,,,
"Jones County, NC",,,,," 9,419 ",0.0%, 372 , 446 ,6.2%,7.5%,,,,,,
"Juab County, UT",,,,," 12,017 ",0.0%, 75 , 241 ,8.9%,15.1%,,,,,,
"Judith Basin County, MT",,,,," 2,007 ",0.0%, -   , 50 ,0.0%,14.3%,,,,,,
"Juniata County, PA",,,,," 24,763 ",0.0%, 129 , 141 ,12.3%,9.1%,,,,,,
"Kane County, UT",,,,," 7,886 ",0.0%, 330 , 406 ,19.7%,16.1%,,,,,,
"Kaufman County, TX",,,,," 136,154 ",0.1%, 217 , 332 ,,16.5%,,,,,,
"Kemper County, MS",,,,," 9,742 ",0.0%, 154 , 226 ,28.6%,32.0%,,,,,,
"Kenedy County, TX",,,,, 404 ,0.0%, -   , 248 ,,20.0%,,,,,,
"Kenton County, KY",,,,," 166,998 ",0.1%, 247 , 341 ,9.5%,11.4%,,,,,,
"Keokuk County, IA",,,,," 10,246 ",0.0%, 683 , 176 ,5.1%,8.2%,,,,,,
"Kern County, CA",,,,," 900,202 ",0.4%, 200 , 338 ,15.2%,,,,,,,
"Kershaw County, SC",,,,," 66,551 ",0.0%, 433 , 442 ,14.3%,8.6%,,,,,,
"Keya Paha County, NE",,,,, 806 ,0.0%, -   , 496 ,0.0%,0.0%,,,,,,
"Kimball County, NE",,,,," 3,632 ",0.0%, 55 , 83 ,20.0%,33.3%,,,,,,
"King and Queen County, VA",,,,," 7,025 ",0.0%, 85 , 256 ,6.6%,13.0%,,,,,,
"King George County, VA",,,,," 26,836 ",0.0%, 190 , 209 ,10.3%,11.7%,,,,,,
"King William County, VA",,,,," 17,148 ",0.0%, 297 , 274 ,18.6%,9.4%,,,,,,
"Kingfisher County, OK",,,,," 15,765 ",0.0%, 159 , 279 ,14.9%,11.1%,,,,,,
"Kings County, CA",,,,," 152,940 ",0.1%, 173 , 238 ,10.9%,,,,,,,
"Kinney County, TX",,,,," 3,667 ",0.0%, -   , 27 ,,10.0%,,,,,,
"Kiowa County, OK",,,,," 8,708 ",0.0%, 138 , 276 ,11.1%,0.0%,,,,,,
"Kittson County, MN",,,,," 4,298 ",0.0%, 209 , 163 ,8.1%,10.1%,,,,,,
"Kleberg County, TX",,,,," 30,680 ",0.0%, 29 , 169 ,,12.6%,,,,,,
"Klickitat County, WA",,,,," 22,425 ",0.0%, 45 , 111 ,15.4%,9.1%,,,,,,
"Knott County, KY",,,,," 14,806 ",0.0%, 284 , 365 ,17.6%,9.0%,,,,,,
"Knox County, KY",,,,," 31,145 ",0.0%, 193 , 199 ,11.8%,9.1%,,,,,,
"Knox County, OH",,,,," 62,322 ",0.0%, 101 , 152 ,9.1%,13.6%,,,,,,
"Kootenai County, ID",,,,," 165,697 ",0.0%, 109 , 167 ,11.4%,12.8%,,,,,,
"Kosciusko County, IN",,,,," 79,456 ",0.0%, 87 , 123 ,8.4%,10.1%,,,,,,
"Kossuth County, IA",,,,," 14,813 ",0.0%, 857 , 176 ,10.9%,6.2%,,,,,,
"La Salle County, TX",,,,," 7,520 ",0.0%, -   , -   ,,14.3%,,,,,,
"Lafayette County, AR",,,,," 6,624 ",0.0%, 75 , 242 ,6.2%,12.5%,,,,,,
"Lafayette County, FL",,,,," 8,422 ",0.0%, 321 , 166 ,15.1%,9.9%,,,,,,
"Lajas Municipio, PR",,,,," 25,753 ",0.0%, 47 , 82 ,20.0%,0.0%,,,,,,
"Lake and Peninsula Borough, AK",,,,," 1,592 ",0.0%, -   , 754 ,100.0%,,,,,,,
"Lake County, CO",,,,," 8,127 ",0.0%, 406 , 332 ,3.8%,3.2%,,,,,,
"Lake County, OH",,,,," 230,149 ",0.1%, 139 , 190 ,9.9%,10.0%,,,,,,
"Lake County, OR",,,,," 7,869 ",0.0%, 280 , 521 ,26.0%,14.9%,,,,,,
"Lake of the Woods County, MN",,,,," 3,740 ",0.0%, 80 , 27 ,12.7%,1.6%,,,,,,
"Lamar County, AL",,,,," 13,805 ",0.0%, 116 , 87 ,9.6%,12.1%,,,,,,
"Lamar County, GA",,,,," 19,077 ",0.0%, 142 , 168 ,12.2%,8.2%,,,,,,
"Lamar County, TX",,,,," 49,859 ",0.0%, 315 , 253 ,,12.6%,,,,,,
"Lamb County, TX",,,,," 12,893 ",0.0%, 16 , 659 ,,4.7%,,,,,,
"Lampasas County, TX",,,,," 21,428 ",0.0%, 182 , 495 ,,12.9%,,,,,,
"Lancaster County, PA",,,,," 545,724 ",0.2%, 229 , 283 ,9.4%,10.8%,,,,,,
"Lancaster County, SC",,,,," 98,012 ",0.0%, 441 , 498 ,21.8%,15.2%,,,,,,
"Lanier County, GA",,,,," 10,423 ",0.0%, 106 , 230 ,10.5%,21.6%,,,,,,
"Larue County, KY",,,,," 14,398 ",0.0%, 194 , 201 ,21.7%,20.0%,,,,,,
"Latah County, ID",,,,," 40,108 ",0.0%, 70 , 152 ,18.5%,19.6%,,,,,,
"Latimer County, OK",,,,," 10,073 ",0.0%, 69 , 179 ,0.0%,26.7%,,,,,,
"Laurel County, KY",,,,," 60,813 ",0.0%, 191 , 298 ,16.6%,17.6%,,,,,,
"Laurens County, SC",,,,," 67,493 ",0.0%, 239 , 388 ,20.6%,14.6%,,,,,,
"Lavaca County, TX",,,,," 20,154 ",0.0%, 30 , 218 ,,16.2%,,,,,,
"Lawrence County, AL",,,,," 32,924 ",0.0%, 85 , 164 ,10.1%,11.0%,,,,,,
"Lawrence County, KY",,,,," 15,317 ",0.0%, 78 , 294 ,15.3%,13.7%,,,,,,
"Lawrence County, MO",,,,," 38,355 ",0.0%, 34 , 89 ,10.0%,7.4%,,,,,,
"Lawrence County, MS",,,,," 12,586 ",0.0%, 119 , 151 ,18.0%,9.8%,,,,,,
"Lawrence County, TN",,,,," 44,142 ",0.0%, 109 , 79 ,7.8%,10.0%,,,,,,
"Le Flore County, OK",,,,," 49,853 ",0.0%, 189 , 253 ,14.0%,13.8%,,,,,,
"Leake County, MS",,,,," 22,786 ",0.0%, 101 , 110 ,12.3%,8.3%,,,,,,
"Leavenworth County, KS",,,,," 81,758 ",0.0%, 153 , 216 ,6.5%,10.7%,,,,,,
"Lee County, AL",,,,," 164,542 ",0.0%, 147 , 165 ,9.7%,10.1%,,,,,,
"Lee County, GA",,,,," 29,992 ",0.0%, 73 , 130 ,5.8%,10.3%,,,,,,
"Lee County, IA",,,,," 33,657 ",0.0%, 743 , 98 ,5.3%,5.6%,,,,,,
"Lee County, KY",,,,," 7,403 ",0.0%, 189 , 311 ,24.6%,13.6%,,,,,,
"Lee County, SC",,,,," 16,828 ",0.0%, 172 , 368 ,5.5%,13.5%,,,,,,
"Lee County, TX",,,,," 17,239 ",0.0%, 238 , 638 ,,20.6%,,,,,,
"Lee County, VA",,,,," 23,423 ",0.0%, 149 , 175 ,9.6%,22.1%,,,,,,
"Lenoir County, NC",,,,," 55,949 ",0.0%, 311 , 434 ,6.0%,6.5%,,,,,,
"Leon County, TX",,,,," 17,404 ",0.0%, 121 , 184 ,,10.8%,,,,,,
"Levy County, FL",,,,," 41,503 ",0.0%, 171 , 251 ,11.6%,12.1%,,,,,,
"Lewis County, WV",,,,," 15,907 ",0.0%, 226 , 440 ,8.9%,8.8%,,,,,,
"Lexington city, VA",,,,," 7,446 ",0.0%," 1,128 "," 1,518 ",0.7%,1.1%,,,,,,
"Lexington County, SC",,,,," 298,750 ",0.1%, 485 , 496 ,11.6%,10.9%,,,,,,
"Liberty County, GA",,,,," 61,435 ",0.0%, 138 , 145 ,11.5%,10.1%,,,,,,
"Liberty County, TX",,,,," 88,219 ",0.0%, 222 , 336 ,,16.5%,,,,,,
"Licking County, OH",,,,," 176,862 ",0.1%, 131 , 170 ,15.9%,16.6%,,,,,,
"Limestone County, AL",,,,," 98,915 ",0.0%, 123 , 237 ,15.6%,13.9%,,,,,,
"Limestone County, TX",,,,," 23,437 ",0.0%, 188 , 452 ,,10.6%,,,,,,
"Lincoln County, GA",,,,," 7,921 ",0.0%, 227 , 164 ,13.8%,10.5%,,,,,,
"Lincoln County, KS",,,,," 2,962 ",0.0%, 68 , 68 ,11.1%,10.0%,,,,,,
"Lincoln County, MO",,,,," 59,013 ",0.0%, 98 , 107 ,16.7%,8.3%,,,,,,
"Lincoln County, OK",,,,," 34,877 ",0.0%, 109 , 184 ,10.4%,9.7%,,,,,,
"Linn County, IA",,,,," 226,706 ",0.0%, 592 , 102 ,5.4%,6.7%,,,,,,
"Live Oak County, TX",,,,," 12,207 ",0.0%, -   , 123 ,,13.8%,,,,,,
"Livingston County, KY",,,,," 9,194 ",0.0%, 218 , 468 ,10.9%,7.9%,,,,,,
"Livingston Parish, LA",,,,," 140,789 ",0.0%, 103 , 207 ,12.6%,9.7%,,,,,,
"Llano County, TX",,,,," 21,795 ",0.0%, 138 , 353 ,,12.6%,,,,,,
"Logan County, KY",,,,," 27,102 ",0.0%, 170 , 229 ,12.4%,12.1%,,,,,,
"Logan County, NE",,,,, 748 ,0.0%, 401 , -   ,16.7%,0.0%,,,,,,
"Logan County, OK",,,,," 48,011 ",0.0%, 77 , 181 ,6.1%,11.4%,,,,,,
"Long County, GA",,,,," 19,559 ",0.0%, 72 , 66 ,14.5%,9.8%,,,,,,
"Lonoke County, AR",,,,," 73,309 ",0.0%, 150 , 378 ,7.9%,10.8%,,,,,,
"Lorain County, OH",,,,," 309,833 ",0.1%, 141 , 175 ,10.5%,7.6%,,,,,,
"Loudoun County, VA",,,,," 413,538 ",0.2%, 116 , 153 ,7.5%,10.5%,,,,,,
"Louisa County, IA",,,,," 11,035 ",0.0%, 625 , 63 ,3.3%,3.8%,,,,,,
"Lowndes County, AL",,,,," 9,726 ",0.0%, 154 , 185 ,17.4%,20.2%,,,,,,
"Lowndes County, MS",,,,," 58,595 ",0.0%, 97 , 162 ,9.0%,11.3%,,,,,,
"Lucas County, IA",,,,," 8,600 ",0.0%, 419 , 47 ,1.3%,2.8%,,,,,,
"Lumpkin County, GA",,,,," 33,610 ",0.0%, 95 , 131 ,9.1%,14.6%,,,,,,
"Lunenburg County, VA",,,,," 12,196 ",0.0%, 131 , 205 ,5.8%,12.5%,,,,,,
"Lycoming County, PA",,,,," 113,299 ",0.0%, 239 , 267 ,10.0%,9.2%,,,,,,
"Lyman County, SD",,,,," 3,781 ",0.0%, 132 , 79 ,33.3%,0.0%,,,,,,
"Lynchburg city, VA",,,,," 82,168 ",0.0%, 191 , 312 ,10.5%,11.7%,,,,,,
"Lynn County, TX",,,,," 5,951 ",0.0%, 84 , 50 ,,21.4%,,,,,,
"Lyon County, IA",,,,," 11,755 ",0.0%, 196 , 94 ,10.7%,10.4%,,,,,,
"Macon County, AL",,,,," 18,068 ",0.0%, 155 , 172 ,11.5%,7.3%,,,,,,
"Macon County, GA",,,,," 12,947 ",0.0%, 124 , 178 ,13.5%,18.2%,,,,,,
"Macon County, NC",,,,," 35,858 ",0.0%, 114 , 368 ,6.4%,11.3%,,,,,,
"Macon County, TN",,,,," 24,602 ",0.0%, 77 ," 1,110 ",5.5%,8.9%,,,,,,
"Madison County, AL",,,,," 372,909 ",0.1%, 137 , 213 ,10.4%,10.6%,,,,,,
"Madison County, GA",,,,," 29,880 ",0.0%, 181 , 207 ,12.8%,17.0%,,,,,,
"Madison County, IA",,,,," 16,338 ",0.0%, 949 , 159 ,10.0%,6.7%,,,,,,
"Madison County, ID",,,,," 39,907 ",0.0%, 203 , 268 ,12.2%,18.6%,,,,,,
"Madison County, KY",,,,," 92,987 ",0.0%, 210 , 290 ,13.6%,6.9%,,,,,,
"Madison County, MS",,,,," 106,272 ",0.0%, 86 , 139 ,10.0%,8.0%,,,,,,
"Madison Parish, LA",,,,," 10,951 ",0.0%, 73 , 137 ,17.5%,7.9%,,,,,,
"Magoffin County, KY",,,,," 12,161 ",0.0%, 90 , 181 ,1.5%,11.2%,,,,,,
"Mahaska County, IA",,,,," 22,095 ",0.0%, 507 , 158 ,4.4%,7.3%,,,,,,
"Major County, OK",,,,," 7,629 ",0.0%, 26 , 170 ,0.0%,10.3%,,,,,,
"Manassas city, VA",,,,," 41,085 ",0.0%, 73 , 229 ,7.8%,12.0%,,,,,,
"Manassas Park city, VA",,,,," 17,478 ",0.0%, 57 , 92 ,27.3%,50.0%,,,,,,
"Manistee County, MI",,,,," 24,558 ",0.0%, 8 , 61 ,4.9%,10.4%,,,,,,
"Marengo County, AL",,,,," 18,863 ",0.0%, 217 , 212 ,18.5%,8.6%,,,,,,
"Marion County, AL",,,,," 29,709 ",0.0%, 108 , 158 ,4.9%,12.2%,,,,,,
"Marion County, FL",,,,," 365,579 ",0.1%, 197 , 242 ,10.9%,11.0%,,,,,,
"Marion County, GA",,,,," 8,359 ",0.0%, 108 , 179 ,11.1%,5.4%,,,,,,
"Marion County, IA",,,,," 33,253 ",0.0%, 716 , 183 ,10.6%,8.9%,,,,,,
"Marion County, KS",,,,," 11,884 ",0.0%, 126 , 126 ,13.4%,5.9%,,,,,,
"Marion County, KY",,,,," 19,273 ",0.0%, 249 , 488 ,5.1%,6.1%,,,,,,
"Marion County, MO",,,,," 28,530 ",0.0%, 39 , 53 ,4.6%,16.7%,,,,,,
"Marion County, SC",,,,," 30,657 ",0.0%, 258 , 434 ,22.2%,16.8%,,,,,,
"Marion County, TN",,,,," 28,907 ",0.0%, 408 ," 1,149 ",9.7%,9.0%,,,,,,
"Marlboro County, SC",,,,," 26,118 ",0.0%, 302 , 471 ,18.9%,9.6%,,,,,,
"Marshall County, AL",,,,," 96,774 ",0.0%, 82 , 120 ,9.2%,11.0%,,,,,,
"Marshall County, IA",,,,," 39,369 ",0.0%," 1,013 ", 135 ,8.5%,10.0%,,,,,,
"Marshall County, KS",,,,," 9,707 ",0.0%, 165 , 237 ,7.4%,10.6%,,,,,,
"Marshall County, KY",,,,," 31,100 ",0.0%, 109 , 283 ,8.0%,10.0%,,,,,,
"Marshall County, MN",,,,," 9,336 ",0.0%, 289 , 246 ,15.0%,9.0%,,,,,,
"Marshall County, MS",,,,," 35,294 ",0.0%, 187 , 312 ,11.6%,6.9%,,,,,,
"Marshall County, OK",,,,," 16,931 ",0.0%, 183 , 360 ,14.3%,11.1%,,,,,,
"Marshall County, SD",,,,," 4,935 ",0.0%, 122 , 122 ,4.8%,12.5%,,,,,,
"Marshall County, WV",,,,," 30,531 ",0.0%, 88 , 160 ,8.4%,11.1%,,,,,,
"Martin County, IN",,,,," 10,255 ",0.0%, 49 , 127 ,0.9%,11.4%,,,,,,
"Martin County, MN",,,,," 19,683 ",0.0%, 213 , 274 ,10.3%,11.5%,,,,,,
"Martin County, TX",,,,," 5,771 ",0.0%, 17 , 381 ,,14.3%,,,,,,
"Martinsville city, VA",,,,," 12,554 ",0.0%, 207 , 303 ,18.7%,26.8%,,,,,,
"Mason County, KY",,,,," 17,070 ",0.0%, 381 , 305 ,5.2%,5.0%,,,,,,
"Mason County, TX",,,,," 4,274 ",0.0%, 187 , 608 ,,19.2%,,,,,,
"Matagorda County, TX",,,,," 36,643 ",0.0%, 325 , 347 ,,15.9%,,,,,,
"Mathews County, VA",,,,," 8,834 ",0.0%, 249 , 170 ,9.4%,11.1%,,,,,,
"Maverick County, TX",,,,," 58,722 ",0.0%, 31 , 579 ,,13.2%,,,,,,
"Mayagüez Municipio, PR",,,,," 89,080 ",0.0%, 35 , 51 ,11.1%,7.7%,,,,,,
"Mayes County, OK",,,,," 41,100 ",0.0%, 158 , 460 ,10.6%,23.6%,,,,,,
"McCone County, MT",,,,," 1,664 ",0.0%, 240 , 300 ,40.0%,35.7%,,,,,,
"McCormick County, SC",,,,," 9,463 ",0.0%, 370 , 444 ,31.3%,19.0%,,,,,,
"McCracken County, KY",,,,," 65,418 ",0.0%, 167 , 183 ,8.3%,11.6%,,,,,,
"McCreary County, KY",,,,," 17,231 ",0.0%, 261 , 604 ,19.7%,11.2%,,,,,,
"McCulloch County, TX",,,,," 7,984 ",0.0%, -   , 163 ,,34.5%,,,,,,
"McCurtain County, OK",,,,," 32,832 ",0.0%, 289 , 372 ,27.8%,19.1%,,,,,,
"McDonald County, MO",,,,," 22,837 ",0.0%, 44 , 57 ,13.3%,13.6%,,,,,,
"McDuffie County, GA",,,,," 21,312 ",0.0%, 230 , 202 ,14.6%,18.5%,,,,,,
"McIntosh County, GA",,,,," 14,378 ",0.0%, 104 , 160 ,9.5%,10.5%,,,,,,
"McIntosh County, OK",,,,," 19,596 ",0.0%, 122 , 286 ,41.7%,16.7%,,,,,,
"McKean County, PA",,,,," 40,625 ",0.0%, 155 , 199 ,12.1%,7.5%,,,,,,
"McMinn County, TN",,,,," 53,794 ",0.0%, 260 , 385 ,9.1%,9.0%,,,,,,
"McMullen County, TX",,,,, 743 ,0.0%, 135 , 673 ,,0.0%,,,,,,
"McPherson County, NE",,,,, 494 ,0.0%, 202 , 202 ,0.0%,50.0%,,,,,,
"Meade County, KY",,,,," 28,572 ",0.0%, 112 , 150 ,16.2%,10.8%,,,,,,
"Meade County, SD",,,,," 28,332 ",0.0%, 106 , 102 ,8.9%,12.6%,,,,,,
"Meagher County, MT",,,,," 1,862 ",0.0%, 107 , 269 ,0.0%,19.0%,,,,,,
"Medina County, OH",,,,," 179,746 ",0.1%, 160 , 173 ,19.0%,20.8%,,,,,,
"Medina County, TX",,,,," 51,584 ",0.0%, 47 ," 1,326 ",,14.8%,,,,,,
"Meigs County, OH",,,,," 22,907 ",0.0%, 183 , 205 ,11.4%,8.7%,,,,,,
"Menifee County, KY",,,,," 6,489 ",0.0%, 216 , 185 ,13.9%,6.0%,,,,,,
"Merced County, CA",,,,," 277,680 ",0.1%, 284 , 204 ,11.6%,,,,,,,
"Mercer County, OH",,,,," 41,172 ",0.0%, 78 , 119 ,17.6%,14.9%,,,,,,
"Meriwether County, GA",,,,," 21,167 ",0.0%, 165 , 260 ,10.0%,10.9%,,,,,,
"Merrick County, NE",,,,," 7,755 ",0.0%, 142 , 193 ,25.0%,17.4%,,,,,,
"Merrimack County, NH",,,,," 151,391 ",0.0%, 124 , 114 ,10.1%,9.2%,,,,,,
"Metcalfe County, KY",,,,," 10,071 ",0.0%, 288 , 566 ,27.5%,16.7%,,,,,,
"Miami County, IN",,,,," 35,516 ",0.0%, 79 , 152 ,6.4%,11.1%,,,,,,
"Miami County, KS",,,,," 34,237 ",0.0%, 120 , 99 ,6.2%,11.8%,,,,,,
"Miami County, OH",,,,," 106,987 ",0.0%, 98 , 135 ,9.3%,10.8%,,,,,,
"Miami-Dade County, FL",,,,," 2,716,940 ",1.2%, 310 , 382 ,10.7%,11.1%,,,,,,
"Middlesex County, VA",,,,," 10,582 ",0.0%, 265 , 293 ,10.5%,14.8%,,,,,,
"Midland County, TX",,,,," 176,832 ",0.0%, -   , 256 ,,10.9%,,,,,,
"Milam County, TX",,,,," 24,823 ",0.0%, -   , 423 ,,12.2%,,,,,,
"Millard County, UT",,,,," 13,188 ",0.0%, 45 , 61 ,13.8%,16.2%,,,,,,
"Miller County, MO",,,,," 25,619 ",0.0%, 35 , 23 ,12.5%,0.0%,,,,,,
"Mills County, IA",,,,," 15,109 ",0.0%," 1,046 ", 185 ,6.1%,10.8%,,,,,,
"Mills County, TX",,,,," 4,873 ",0.0%, 123 , 369 ,,16.9%,,,,,,
"Miner County, SD",,,,," 2,216 ",0.0%, 45 , -   ,20.0%,0.0%,,,,,,
"Mineral County, MT",,,,," 4,397 ",0.0%, 91 , -   ,14.3%,2.2%,,,,,,
"Mineral County, NV",,,,," 4,505 ",0.0%, 67 , 178 ,13.7%,25.3%,,,,,,
"Missaukee County, MI",,,,," 15,118 ",0.0%, 106 , 132 ,7.3%,10.1%,,,,,,
"Mississippi County, MO",,,,," 13,180 ",0.0%, 76 , 91 ,0.0%,33.3%,,,,,,
"Mitchell County, IA",,,,," 10,586 ",0.0%," 1,039 ", 38 ,1.2%,5.3%,,,,,,
"Monona County, IA",,,,," 8,615 ",0.0%, 696 , 186 ,6.9%,8.4%,,,,,,
"Monroe County, AR",,,,," 6,701 ",0.0%, 254 , 537 ,25.0%,14.8%,,,,,,
"Monroe County, GA",,,,," 27,578 ",0.0%, 290 , 174 ,11.5%,15.6%,,,,,,
"Monroe County, IA",,,,," 7,707 ",0.0%, 623 , 169 ,12.3%,11.6%,,,,,,
"Monroe County, MO",,,,," 8,644 ",0.0%, 46 , 23 ,11.1%,0.0%,,,,,,
"Monroe County, MS",,,,," 35,252 ",0.0%, 91 , 125 ,2.7%,10.1%,,,,,,
"Monroe County, OH",,,,," 13,654 ",0.0%, 212 , 146 ,18.8%,15.2%,,,,,,
"Monroe County, PA",,,,," 170,271 ",0.0%, 163 , 179 ,9.4%,10.3%,,,,,,
"Montague County, TX",,,,," 19,818 ",0.0%, 101 , 187 ,,18.2%,,,,,,
"Monterey County, CA",,,,," 434,061 ",0.2%, 125 , 186 ,12.5%,,,,,,,
"Montgomery County, AL",,,,," 226,486 ",0.1%, 157 , 217 ,16.8%,17.1%,,,,,,
"Montgomery County, AR",,,,," 8,986 ",0.0%, 145 , 267 ,28.9%,13.0%,,,,,,
"Montgomery County, GA",,,,," 9,172 ",0.0%, 55 , 164 ,12.2%,19.2%,,,,,,
"Montgomery County, IA",,,,," 9,917 ",0.0%, 807 , 192 ,8.5%,16.5%,,,,,,
"Montgomery County, KY",,,,," 28,157 ",0.0%, 469 , 440 ,12.9%,7.2%,,,,,,
"Montgomery County, MS",,,,," 9,775 ",0.0%, 194 , 205 ,4.2%,13.8%,,,,,,
"Montgomery County, NC",,,,," 27,173 ",0.0%, 269 , 353 ,10.5%,10.7%,,,,,,
"Montgomery County, TN",,,,," 208,993 ",0.1%, 111 , 308 ,8.0%,10.1%,,,,,,
"Montgomery County, TX",,,,," 607,391 ",0.2%, 162 , 291 ,,14.6%,,,,,,
"Montgomery County, VA",,,,," 98,535 ",0.0%, 351 , 407 ,8.0%,8.3%,,,,,,
"Moody County, SD",,,,," 6,576 ",0.0%, 91 , 61 ,11.8%,6.7%,,,,,,
"Moore County, TN",,,,," 6,488 ",0.0%, 154 , 894 ,0.0%,10.7%,,,,,,
"Morehouse Parish, LA",,,,," 24,874 ",0.0%, 84 , 141 ,12.8%,13.2%,,,,,,
"Morgan County, GA",,,,," 19,276 ",0.0%, 239 , 254 ,11.9%,16.9%,,,,,,
"Morgan County, OH",,,,," 14,508 ",0.0%, 221 , 124 ,13.6%,10.7%,,,,,,
"Morgan County, TN",,,,," 21,403 ",0.0%, 332 , 818 ,8.6%,1.6%,,,,,,
"Morrill County, NE",,,,," 4,642 ",0.0%, 65 , 194 ,15.0%,18.8%,,,,,,
"Morrow County, OR",,,,," 11,603 ",0.0%, 129 , 164 ,16.2%,15.8%,,,,,,
"Morton County, KS",,,,," 2,587 ",0.0%, 580 , 39 ,28.6%,0.0%,,,,,,
"Murray County, GA",,,,," 40,096 ",0.0%, 162 , 197 ,12.9%,7.4%,,,,,,
"Murray County, OK",,,,," 14,073 ",0.0%, 256 , 334 ,19.6%,19.4%,,,,,,
"Muscatine County, IA",,,,," 42,664 ",0.0%, 811 , 120 ,9.4%,6.3%,,,,,,
"Muscogee County, GA",,,,," 195,769 ",0.1%, 140 , 140 ,10.1%,10.3%,,,,,,
"Muskingum County, OH",,,,," 86,215 ",0.0%, 157 , 264 ,9.0%,10.9%,,,,,,
"Muskogee County, OK",,,,," 67,997 ",0.0%, 141 , 238 ,11.0%,11.5%,,,,,,
"Nance County, NE",,,,," 3,519 ",0.0%, 142 , 85 ,17.6%,0.0%,,,,,,
"Nassau County, NY",,,,," 1,356,924 ",0.7%, 333 , 390 ,6.4%,7.1%,,,,,,
"Navajo County, AZ",,,,," 110,924 ",0.1%, 249 , 295 ,13.1%,13.4%,,,,,,
"Nelson County, KY",,,,," 46,233 ",0.0%, 244 , 303 ,12.4%,9.4%,,,,,,
"Nelson County, VA",,,,," 14,930 ",0.0%, 127 , 228 ,8.0%,11.8%,,,,,,
"Neosho County, KS",,,,," 16,007 ",0.0%, 162 , 219 ,11.0%,14.2%,,,,,,
"New Kent County, VA",,,,," 23,091 ",0.0%, 186 , 212 ,6.8%,10.9%,,,,,,
"Newberry County, SC",,,,," 38,440 ",0.0%, 424 , 359 ,27.2%,5.2%,,,,,,
"Newport News city, VA",,,,," 179,225 ",0.1%, 224 , 256 ,12.1%,14.1%,,,,,,
"Newton County, GA",,,,," 111,744 ",0.1%, 209 , 181 ,10.6%,10.8%,,,,,,
"Newton County, MS",,,,," 21,018 ",0.0%, 228 , 262 ,8.9%,16.9%,,,,,,
"Nicholas County, KY",,,,," 7,269 ",0.0%, 55 , 110 ,8.3%,13.1%,,,,,,
"Noble County, OH",,,,," 14,424 ",0.0%, 111 , 97 ,6.1%,12.9%,,,,,,
"Noble County, OK",,,,," 11,131 ",0.0%, 270 , 234 ,10.0%,10.0%,,,,,,
"Norfolk city, VA",,,,," 242,742 ",0.1%, 213 , 241 ,11.1%,15.5%,,,,,,
"Northampton County, VA",,,,," 11,710 ",0.0%, 137 , 196 ,11.1%,12.4%,,,,,,
"Norton County, KS",,,,," 5,361 ",0.0%, 37 , 149 ,2.4%,10.3%,,,,,,
"Nottoway County, VA",,,,," 15,232 ",0.0%, 151 , 341 ,9.6%,11.3%,,,,,,
"Nowata County, OK",,,,," 10,076 ",0.0%, 248 , 218 ,25.0%,0.0%,,,,,,
"Noxubee County, MS",,,,," 10,417 ",0.0%, 125 , 182 ,0.0%,10.9%,,,,,,
"Nuckolls County, NE",,,,," 4,148 ",0.0%, 121 , 193 ,30.0%,15.7%,,,,,,
"Nueces County, TX",,,,," 362,294 ",0.1%, 115 , 203 ,,11.1%,,,,,,
"Obion County, TN",,,,," 30,069 ",0.0%, 303 , 446 ,4.9%,8.2%,,,,,,
"O'Brien County, IA",,,,," 13,753 ",0.0%," 1,083 ", 95 ,9.7%,6.2%,,,,,,
"Ocean County, NJ",,,,," 607,186 ",0.3%, 322 , 367 ,9.8%,10.9%,,,,,,
"Oconee County, GA",,,,," 40,280 ",0.0%, 154 , 181 ,9.5%,10.9%,,,,,,
"Oconee County, SC",,,,," 79,546 ",0.0%, 285 , 328 ,21.3%,11.2%,,,,,,
"Oglala Lakota County, SD",,,,," 14,177 ",0.0%, 49 , 14 ,15.4%,0.0%,,,,,,
"Oglethorpe County, GA",,,,," 15,259 ",0.0%, 157 , 118 ,14.6%,9.2%,,,,,,
"Ohio County, IN",,,,," 5,875 ",0.0%, 136 , 85 ,13.7%,4.9%,,,,,,
"Ohio County, KY",,,,," 23,994 ",0.0%, 200 , 171 ,17.0%,14.9%,,,,,,
"Okaloosa County, FL",,,,," 210,738 ",0.1%, 185 , 209 ,10.3%,10.5%,,,,,,
"Okeechobee County, FL",,,,," 42,168 ",0.0%, 190 , 190 ,10.5%,12.3%,,,,,,
"Okfuskee County, OK",,,,," 11,993 ",0.0%, 75 , 108 ,33.3%,4.8%,,,,,,
"Oktibbeha County, MS",,,,," 49,587 ",0.0%, 89 , 147 ,11.4%,10.1%,,,,,,
"Oldham County, TX",,,,," 2,112 ",0.0%, 47 , 805 ,,11.1%,,,,,,
"Oliver County, ND",,,,," 1,959 ",0.0%, -   , -   ,10.0%,0.0%,,,,,,
"Orange County, TX",,,,," 83,396 ",0.0%, 272 , 771 ,,9.6%,,,,,,
"Orange County, VA",,,,," 37,051 ",0.0%, 151 , 246 ,9.7%,11.4%,,,,,,
"Orangeburg County, SC",,,,," 86,175 ",0.0%, 353 , 420 ,20.9%,8.4%,,,,,,
"Osage County, KS",,,,," 15,949 ",0.0%, 188 , 125 ,14.9%,13.4%,,,,,,
"Osage County, MO",,,,," 13,615 ",0.0%, 44 , 66 ,13.3%,22.2%,,,,,,
"Osage County, OK",,,,," 46,963 ",0.0%, 170 , 228 ,20.5%,17.6%,,,,,,
"Osborne County, KS",,,,," 3,421 ",0.0%, 175 , 146 ,16.0%,17.6%,,,,,,
"Osceola County, IA",,,,," 5,958 ",0.0%, 537 , 84 ,12.2%,6.4%,,,,,,
"Otoe County, NE",,,,," 16,012 ",0.0%, 144 , 137 ,17.1%,11.9%,,,,,,
"Ottawa County, OK",,,,," 31,127 ",0.0%, 161 , 190 ,16.5%,13.8%,,,,,,
"Overton County, TN",,,,," 22,241 ",0.0%, 207 , 544 ,6.2%,3.8%,,,,,,
"Owen County, KY",,,,," 10,901 ",0.0%, 147 , 193 ,7.8%,18.9%,,,,,,
"Owsley County, KY",,,,," 4,415 ",0.0%, 227 , 657 ,12.3%,24.5%,,,,,,
"Owyhee County, ID",,,,," 11,823 ",0.0%, 59 , 85 ,8.8%,12.8%,,,,,,
"Ozark County, MO",,,,," 9,174 ",0.0%, 44 , 33 ,25.0%,25.0%,,,,,,
"Page County, IA",,,,," 15,107 ",0.0%," 1,291 ", 549 ,7.3%,16.7%,,,,,,
"Palm Beach County, FL",,,,," 1,496,770 ",0.4%, 216 , 230 ,10.1%,10.0%,,,,,,
"Palo Alto County, IA",,,,," 8,886 ",0.0%, 709 , 225 ,6.0%,0.9%,,,,,,
"Palo Pinto County, TX",,,,," 29,189 ",0.0%, 116 , 209 ,,12.2%,,,,,,
"Pamlico County, NC",,,,," 12,726 ",0.0%, 306 , 511 ,11.7%,11.3%,,,,,,
"Panola County, TX",,,,," 23,194 ",0.0%, 164 , 211 ,,15.0%,,,,,,
"Park County, WY",,,,," 29,194 ",0.0%, 103 , 72 ,11.1%,,,,,,,
"Parker County, TX",,,,," 142,878 ",0.1%, 197 , 307 ,,15.9%,,,,,,
"Pasquotank County, NC",,,,," 39,824 ",0.0%, 226 , 296 ,5.3%,10.9%,,,,,,
"Passaic County, NJ",,,,," 501,826 ",0.2%, 273 , 320 ,10.2%,10.5%,,,,,,
"Patrick County, VA",,,,," 17,608 ",0.0%, 159 , 216 ,7.4%,14.7%,,,,,,
"Paulding County, OH",,,,," 18,672 ",0.0%, 102 , 139 ,17.6%,18.5%,,,,,,
"Pawnee County, NE",,,,," 2,613 ",0.0%, 306 , 268 ,22.7%,25.0%,,,,,,
"Pawnee County, OK",,,,," 16,376 ",0.0%, 427 , 837 ,13.8%,7.9%,,,,,,
"Payne County, OK",,,,," 81,784 ",0.0%, 114 , 153 ,20.0%,13.9%,,,,,,
"Peach County, GA",,,,," 27,546 ",0.0%, 410 , 221 ,18.2%,19.8%,,,,,,
"Pearl River County, MS",,,,," 55,535 ",0.0%, 160 , 202 ,11.3%,15.6%,,,,,,
"Pembina County, ND",,,,," 6,801 ",0.0%, 162 , 118 ,14.8%,9.5%,,,,,,
"Pemiscot County, MO",,,,," 15,805 ",0.0%, 51 , 6 ,15.4%,0.0%,,,,,,
"Pennington County, MN",,,,," 14,119 ",0.0%, 751 , 708 ,12.1%,13.1%,,,,,,
"Pepin County, WI",,,,," 7,287 ",0.0%, 124 , 178 ,11.5%,2.9%,,,,,,
"Perquimans County, NC",,,,," 13,463 ",0.0%, 260 , 394 ,14.0%,13.1%,,,,,,
"Perry County, AR",,,,," 10,455 ",0.0%, 153 , 297 ,16.3%,11.7%,,,,,,
"Perry County, KY",,,,," 25,758 ",0.0%, 248 , 357 ,10.6%,7.9%,,,,,,
"Perry County, MO",,,,," 19,136 ",0.0%, 89 , 57 ,16.7%,8.2%,,,,,,
"Perry County, MS",,,,," 11,973 ",0.0%, 376 , 309 ,4.0%,0.0%,,,,,,
"Perry County, OH",,,,," 36,134 ",0.0%, 100 , 232 ,13.9%,12.0%,,,,,,
"Perry County, PA",,,,," 46,272 ",0.0%, 160 , 203 ,15.1%,17.4%,,,,,,
"Pershing County, NV",,,,," 6,725 ",0.0%, 104 , 178 ,22.2%,27.7%,,,,,,
"Petersburg city, VA",,,,," 31,346 ",0.0%, 319 , 313 ,10.0%,8.2%,,,,,,
"Pettis County, MO",,,,," 42,339 ",0.0%, 52 , 104 ,14.3%,11.6%,,,,,,
"Phillips County, KS",,,,," 5,234 ",0.0%, 229 , 134 ,28.2%,10.5%,,,,,,
"Phillips County, MT",,,,," 3,954 ",0.0%, 202 , 76 ,23.1%,0.0%,,,,,,
"Pickaway County, OH",,,,," 58,457 ",0.0%, 161 , 226 ,5.8%,11.8%,,,,,,
"Pickens County, GA",,,,," 32,591 ",0.0%, 273 , 249 ,15.3%,15.0%,,,,,,
"Pickens County, SC",,,,," 126,884 ",0.1%, 372 , 329 ,23.7%,12.3%,,,,,,
"Pickett County, TN",,,,," 5,048 ",0.0%, -   , 614 ,4.9%,5.1%,,,,,,
"Pierce County, NE",,,,," 7,148 ",0.0%, 56 , 112 ,17.1%,22.2%,,,,,,
"Pike County, KY",,,,," 57,876 ",0.0%, 162 , 178 ,10.5%,10.9%,,,,,,
"Pike County, MO",,,,," 18,302 ",0.0%, 38 , 22 ,11.5%,10.4%,,,,,,
"Pike County, MS",,,,," 39,288 ",0.0%, 81 , 145 ,8.2%,12.2%,,,,,,
"Pike County, OH",,,,," 27,772 ",0.0%, 173 , 259 ,11.5%,11.3%,,,,,,
"Pike County, PA",,,,," 55,809 ",0.0%, 142 , 183 ,11.1%,11.5%,,,,,,
"Pittsburg County, OK",,,,," 43,654 ",0.0%, 82 , 206 ,30.8%,25.7%,,,,,,
"Pittsylvania County, VA",,,,," 60,354 ",0.0%, 192 , 295 ,15.3%,9.3%,,,,,,
"Platte County, WY",,,,," 8,393 ",0.0%, 203 , 48 ,11.1%,,,,,,,
"Plymouth County, IA",,,,," 25,177 ",0.0%," 1,184 ", 91 ,6.9%,7.4%,,,,,,
"Pocahontas County, IA",,,,," 6,619 ",0.0%, 680 , 76 ,6.5%,13.6%,,,,,,
"Polk County, AR",,,,," 19,964 ",0.0%, 130 , 346 ,13.2%,14.6%,,,,,,
"Polk County, GA",,,,," 42,613 ",0.0%, 228 , 237 ,7.8%,12.1%,,,,,,
"Polk County, IA",,,,," 490,161 ",0.1%," 1,473 ", 187 ,9.4%,9.6%,,,,,,
"Polk County, NE",,,,," 5,213 ",0.0%," 2,072 "," 2,033 ",24.2%,26.3%,,,,,,
"Polk County, TN",,,,," 16,832 ",0.0%, 529 , 368 ,20.2%,19.0%,,,,,,
"Polk County, TX",,,,," 51,353 ",0.0%, -   , 86 ,,11.4%,,,,,,
"Pontotoc County, OK",,,,," 38,284 ",0.0%, 191 , 502 ,14.8%,8.7%,,,,,,
"Pope County, IL",,,,," 4,177 ",0.0%, 72 , 144 ,11.1%,10.9%,,,,,,
"Poquoson city, VA",,,,," 12,271 ",0.0%, 163 , 269 ,9.9%,14.2%,,,,,,
"Portage County, OH",,,,," 162,466 ",0.0%, 162 , 174 ,12.1%,13.3%,,,,,,
"Portsmouth city, VA",,,,," 94,398 ",0.0%, 307 , 299 ,17.0%,17.4%,,,,,,
"Posey County, IN",,,,," 25,427 ",0.0%, 149 , 138 ,16.0%,8.1%,,,,,,
"Pottawatomie County, KS",,,,," 24,383 ",0.0%, 324 , 262 ,5.7%,19.5%,,,,,,
"Pottawatomie County, OK",,,,," 72,592 ",0.0%, 183 , 288 ,20.8%,14.2%,,,,,,
"Pottawattamie County, IA",,,,," 93,206 ",0.0%," 1,118 ", 141 ,9.1%,8.9%,,,,,,
"Potter County, SD",,,,," 2,153 ",0.0%, 279 , 325 ,12.5%,7.7%,,,,,,
"Powell County, KY",,,,," 12,359 ",0.0%, 113 , 154 ,22.0%,15.0%,,,,,,
"Powell County, MT",,,,," 6,890 ",0.0%, 102 , 131 ,5.3%,16.4%,,,,,,
"Poweshiek County, IA",,,,," 18,504 ",0.0%, 411 , 86 ,0.6%,1.7%,,,,,,
"Powhatan County, VA",,,,," 29,652 ",0.0%, 277 , 395 ,9.7%,13.4%,,,,,,
"Preble County, OH",,,,," 40,882 ",0.0%, 105 , 169 ,13.7%,13.5%,,,,,,
"Presidio County, TX",,,,," 6,704 ",0.0%, 343 , 462 ,,6.9%,,,,,,
"Prince Edward County, VA",,,,," 22,802 ",0.0%, 83 , 303 ,12.0%,18.1%,,,,,,
"Prince George County, VA",,,,," 38,353 ",0.0%, 190 , 258 ,16.5%,17.5%,,,,,,
"Prince William County, VA",,,,," 470,335 ",0.3%, 184 , 277 ,10.2%,12.1%,,,,,,
"Pulaski County, GA",,,,," 11,137 ",0.0%, 260 , 99 ,15.3%,6.7%,,,,,,
"Pulaski County, IN",,,,," 12,353 ",0.0%, 97 , 146 ,7.4%,11.6%,,,,,,
"Pushmataha County, OK",,,,," 11,096 ",0.0%, 90 , 162 ,0.0%,21.4%,,,,,,
"Putnam County, GA",,,,," 22,119 ",0.0%, 203 , 231 ,6.8%,15.6%,,,,,,
"Putnam County, IL",,,,," 5,739 ",0.0%, 227 , 244 ,10.7%,9.0%,,,,,,
"Putnam County, IN",,,,," 37,576 ",0.0%, 98 , 170 ,6.7%,10.7%,,,,,,
"Putnam County, MO",,,,," 4,696 ",0.0%, -   , 43 ,14.3%,20.0%,,,,,,
"Queens County, NY",,,,," 2,253,858 ",1.0%, 386 , 377 ,8.6%,8.7%,,,,,,
"Rabun County, GA",,,,," 17,137 ",0.0%, 123 , 128 ,17.8%,12.5%,,,,,,
"Ralls County, MO",,,,," 10,309 ",0.0%, 19 , 97 ,14.3%,16.7%,,,,,,
"Randolph County, NC",,,,," 143,667 ",0.1%, 264 , 321 ,8.9%,10.0%,,,,,,
"Rankin County, MS",,,,," 155,271 ",0.0%, 131 , 177 ,13.3%,14.6%,,,,,,
"Rappahannock County, VA",,,,," 7,370 ",0.0%, 95 , 149 ,7.8%,12.9%,,,,,,
"Rawlins County, KS",,,,," 2,530 ",0.0%, 79 , 40 ,66.7%,28.6%,,,,,,
"Red Lake County, MN",,,,," 4,055 ",0.0%, 197 , 271 ,7.2%,12.4%,,,,,,
"Red River Parish, LA",,,,," 8,442 ",0.0%, 83 , 130 ,12.5%,2.3%,,,,,,
"Reeves County, TX",,,,," 15,976 ",0.0%, 119 , 207 ,,10.8%,,,,,,
"Rich County, UT",,,,," 2,483 ",0.0%, 40 , 201 ,14.3%,7.1%,,,,,,
"Richland County, MT",,,,," 10,803 ",0.0%, 305 , 305 ,16.9%,38.1%,,,,,,
"Richland Parish, LA",,,,," 20,122 ",0.0%, 89 , 248 ,11.2%,11.7%,,,,,,
"Richmond County, GA",,,,," 202,518 ",0.1%, 264 , 339 ,10.8%,14.1%,,,,,,
"Richmond County, NY",,,,," 476,143 ",0.3%, 409 , 411 ,6.6%,6.5%,,,,,,
"Richmond County, VA",,,,," 9,023 ",0.0%, 355 , 543 ,10.5%,7.7%,,,,,,
"Ringgold County, IA",,,,," 4,894 ",0.0%, 470 , 163 ,7.7%,7.8%,,,,,,
"Río Grande Municipio, PR",,,,," 54,304 ",0.0%, 39 , 46 ,4.5%,18.6%,,,,,,
"Ripley County, IN",,,,," 28,324 ",0.0%, 124 , 191 ,8.4%,10.3%,,,,,,
"Ripley County, MO",,,,," 13,288 ",0.0%, 45 , 128 ,33.3%,33.3%,,,,,,
"Riverside County, CA",,,,," 2,470,546 ",1.9%, 86 , 212 ,11.9%,,,,,,,
"Roane County, TN",,,,," 53,382 ",0.0%, 223 , 133 ,9.8%,10.2%,,,,,,
"Roberts County, SD",,,,," 10,394 ",0.0%, 212 , 115 ,13.0%,0.0%,,,,,,
"Robertson County, TN",,,,," 71,813 ",0.0%, 272 , 524 ,9.0%,11.0%,,,,,,
"Robertson County, TX",,,,," 17,074 ",0.0%, 170 , 258 ,,12.0%,,,,,,
"Rockbridge County, VA",,,,," 22,573 ",0.0%, 332 , 385 ,8.8%,12.4%,,,,,,
"Rockcastle County, KY",,,,," 16,695 ",0.0%, 150 , 198 ,16.2%,9.7%,,,,,,
"Rockdale County, GA",,,,," 90,896 ",0.0%, 204 , 218 ,8.7%,12.6%,,,,,,
"Rockingham County, NH",,,,," 309,769 ",0.1%, 239 , 197 ,13.4%,13.7%,,,,,,
"Rockingham County, VA",,,,," 81,948 ",0.0%, 150 , 204 ,14.2%,16.2%,,,,,,
"Rockwall County, TX",,,,," 104,915 ",0.1%, 160 , 254 ,,13.0%,,,,,,
"Roger Mills County, OK",,,,," 3,583 ",0.0%, 28 , -   ,,20.0%,,,,,,
"Rogers County, OK",,,,," 92,459 ",0.0%, 158 , 202 ,14.7%,10.7%,,,,,,
"Rooks County, KS",,,,," 4,920 ",0.0%, 81 , 81 ,13.9%,12.3%,,,,,,
"Roosevelt County, MT",,,,," 11,004 ",0.0%, 164 , 173 ,15.9%,12.4%,,,,,,
"Roseau County, MN",,,,," 15,165 ",0.0%, 303 , 270 ,12.8%,17.2%,,,,,,
"Rowan County, KY",,,,," 24,460 ",0.0%, 209 , 180 ,11.5%,5.2%,,,,,,
"Rowan County, NC",,,,," 142,088 ",0.1%, 288 , 320 ,10.1%,9.4%,,,,,,
"Rusk County, TX",,,,," 54,406 ",0.0%, 138 , 184 ,,15.1%,,,,,,
"Russell County, AL",,,,," 57,961 ",0.0%, 110 , 145 ,12.8%,7.3%,,,,,,
"Russell County, KS",,,,," 6,856 ",0.0%, 175 , 175 ,10.9%,7.8%,,,,,,
"Russell County, KY",,,,," 17,923 ",0.0%, 352 , 675 ,2.2%,0.0%,,,,,,
"Russell County, VA",,,,," 26,586 ",0.0%, 132 , 109 ,9.2%,11.1%,,,,,,
"Sac County, IA",,,,," 9,721 ",0.0%, 782 , 41 ,4.5%,2.6%,,,,,,
"Sacramento County, CA",,,,," 1,552,058 ",0.2%, 117 , 120 ,10.9%,,,,,,,
"Saluda County, SC",,,,," 20,473 ",0.0%, 317 , 401 ,38.5%,22.5%,,,,,,
"San Diego County, CA",,,,," 3,338,330 ",1.3%, 150 , 170 ,10.3%,,,,,,,
"San Jacinto County, TX",,,,," 28,859 ",0.0%, 139 , 284 ,,18.5%,,,,,,
"San Joaquin County, CA",,,,," 762,148 ",0.2%, 121 , 177 ,13.1%,,,,,,,
"San Juan County, UT",,,,," 15,308 ",0.0%, 78 , 78 ,8.6%,10.7%,,,,,,
"San Juan County, WA",,,,," 17,582 ",0.0%, 28 , 74 ,0.0%,23.3%,,,,,,
"San Luis Obispo County, CA",,,,," 283,111 ",0.1%, 159 , 153 ,10.3%,,,,,,,
"San Miguel County, CO",,,,," 8,179 ",0.0%, 134 , 709 ,5.0%,3.8%,,,,,,
"San Patricio County, TX",,,,," 66,730 ",0.0%, 132 , 132 ,,18.5%,,,,,,
"San Saba County, TX",,,,," 6,055 ",0.0%, 231 , 644 ,,23.3%,,,,,,
"Sanders County, MT",,,,," 12,113 ",0.0%, 74 , 66 ,11.9%,7.2%,,,,,,
"Sanpete County, UT",,,,," 30,939 ",0.0%, 220 , 323 ,19.0%,21.2%,,,,,,
"Santa Barbara County, CA",,,,," 446,499 ",0.2%, 168 , 206 ,12.3%,,,,,,,
"Santa Isabel Municipio, PR",,,,," 23,274 ",0.0%, 73 , 47 ,11.9%,16.7%,,,,,,
"Santa Rosa County, FL",,,,," 184,313 ",0.1%, 166 , 243 ,9.9%,13.1%,,,,,,
"Saunders County, NE",,,,," 21,578 ",0.0%, 111 , 222 ,16.2%,19.4%,,,,,,
"Sawyer County, WI",,,,," 16,558 ",0.0%, 187 , 145 ,15.9%,10.6%,,,,,,
"Schleicher County, TX",,,,," 2,793 ",0.0%, 143 , 215 ,,16.7%,,,,,,
"Scotland County, MO",,,,," 4,902 ",0.0%, 122 , 163 ,46.2%,33.3%,,,,,,
"Scott County, IA",,,,," 172,943 ",0.0%, 810 , 137 ,7.1%,7.4%,,,,,,
"Scott County, KS",,,,," 4,823 ",0.0%, 62 , 21 ,11.1%,0.0%,,,,,,
"Scott County, MO",,,,," 38,280 ",0.0%, 104 , 97 ,12.0%,6.9%,,,,,,
"Scott County, MS",,,,," 28,124 ",0.0%, 128 , 192 ,4.9%,14.6%,,,,,,
"Scott County, TN",,,,," 22,068 ",0.0%, 983 ," 1,423 ",7.3%,13.2%,,,,,,
"Scott County, VA",,,,," 21,566 ",0.0%, 88 , 70 ,16.4%,11.7%,,,,,,
"Scotts Bluff County, NE",,,,," 35,618 ",0.0%, 76 , 39 ,14.3%,9.1%,,,,,,
"Screven County, GA",,,,," 13,966 ",0.0%, 107 , 229 ,10.6%,23.8%,,,,,,
"Scurry County, TX",,,,," 16,703 ",0.0%," 1,401 "," 5,622 ",,2.4%,,,,,,
"Searcy County, AR",,,,," 7,881 ",0.0%, 51 , 38 ,17.6%,9.5%,,,,,,
"Seminole County, OK",,,,," 24,258 ",0.0%, 128 , 194 ,28.6%,8.5%,,,,,,
"Sequatchie County, TN",,,,," 15,026 ",0.0%, 193 , 133 ,5.8%,10.5%,,,,,,
"Sequoyah County, OK",,,,," 41,569 ",0.0%, 286 , 267 ,18.0%,10.4%,,,,,,
"Sevier County, AR",,,,," 17,007 ",0.0%, 200 , 423 ,8.9%,10.6%,,,,,,
"Sevier County, TN",,,,," 98,250 ",0.0%, 215 , 279 ,9.8%,10.1%,,,,,,
"Sevier County, UT",,,,," 21,620 ",0.0%, 236 , 194 ,20.8%,24.0%,,,,,,
"Seward County, KS",,,,," 21,428 ",0.0%, 47 , 89 ,3.8%,11.0%,,,,,,
"Seward County, NE",,,,," 17,284 ",0.0%, 729 , 532 ,10.9%,6.9%,,,,,,
"Shackelford County, TX",,,,," 3,265 ",0.0%, 92 , 184 ,,20.0%,,,,,,
"Sharkey County, MS",,,,," 4,321 ",0.0%, 23 , 69 ,0.0%,25.0%,,,,,,
"Shelby County, AL",,,,," 217,702 ",0.1%, 158 , 198 ,10.6%,10.6%,,,,,,
"Shelby County, IA",,,,," 11,454 ",0.0%, 585 , 131 ,10.0%,6.9%,,,,,,
"Shelby County, KY",,,,," 49,024 ",0.0%, 300 , 237 ,20.3%,10.6%,,,,,,
"Shelby County, OH",,,,," 48,590 ",0.0%, 62 , 80 ,6.7%,17.9%,,,,,,
"Shelby County, TX",,,,," 25,274 ",0.0%, 103 , 138 ,,12.2%,,,,,,
"Sheridan County, KS",,,,," 2,521 ",0.0%, 79 , 79 ,40.0%,43.8%,,,,,,
"Sherman County, KS",,,,," 5,917 ",0.0%, 152 , 85 ,11.8%,4.9%,,,,,,
"Sherman County, NE",,,,," 3,001 ",0.0%, 33 , 67 ,11.8%,10.0%,,,,,,
"Shoshone County, ID",,,,," 12,882 ",0.0%, 62 , 70 ,11.8%,9.1%,,,,,,
"Simpson County, KY",,,,," 18,572 ",0.0%, 118 , 242 ,13.5%,11.0%,,,,,,
"Simpson County, MS",,,,," 26,658 ",0.0%, 158 , 210 ,7.3%,11.3%,,,,,,
"Sioux County, IA",,,,," 34,855 ",0.0%, 577 , 86 ,8.3%,6.4%,,,,,,
"Smith County, MS",,,,," 15,916 ",0.0%, 220 , 239 ,11.3%,11.1%,,,,,,
"Smith County, TN",,,,," 20,157 ",0.0%, 139 , 352 ,11.0%,8.1%,,,,,,
"Somervell County, TX",,,,," 9,128 ",0.0%, 55 , 131 ,,10.5%,,,,,,
"Spalding County, GA",,,,," 66,703 ",0.0%, 163 , 189 ,12.2%,12.0%,,,,,,
"Spartanburg County, SC",,,,," 319,785 ",0.2%, 375 , 463 ,19.4%,13.4%,,,,,,
"Spencer County, IN",,,,," 20,277 ",0.0%, 173 , 212 ,10.3%,12.2%,,,,,,
"Spencer County, KY",,,,," 19,351 ",0.0%, 258 , 253 ,18.6%,14.5%,,,,,,
"Spink County, SD",,,,," 6,376 ",0.0%, 94 , 47 ,15.6%,2.8%,,,,,,
"Spotsylvania County, VA",,,,," 136,215 ",0.1%, 160 , 227 ,12.4%,14.7%,,,,,,
"St. Clair County, AL",,,,," 89,512 ",0.0%, 142 , 178 ,9.5%,10.4%,,,,,,
"St. Lucie County, FL",,,,," 328,297 ",0.1%, 193 , 198 ,10.0%,9.9%,,,,,,
"Stafford County, KS",,,,," 4,156 ",0.0%, 72 , 120 ,9.3%,17.1%,,,,,,
"Stafford County, VA",,,,," 152,882 ",0.1%, 194 , 402 ,10.4%,13.0%,,,,,,
"Stanislaus County, CA",,,,," 550,660 ",0.2%, 190 , 244 ,14.2%,,,,,,,
"Stark County, OH",,,,," 370,606 ",0.1%, 134 , 162 ,17.1%,20.8%,,,,,,
"Starr County, TX",,,,," 64,633 ",0.0%, 63 , 316 ,,15.2%,,,,,,
"Staunton city, VA",,,,," 24,932 ",0.0%, 180 , 277 ,7.7%,11.3%,,,,,,
"Stephens County, GA",,,,," 25,925 ",0.0%, 108 , 204 ,13.4%,25.0%,,,,,,
"Steuben County, IN",,,,," 34,594 ",0.0%, 113 , 127 ,7.8%,12.0%,,,,,,
"Stevens County, KS",,,,," 5,485 ",0.0%, 73 , 91 ,9.7%,15.0%,,,,,,
"Stevens County, WA",,,,," 45,723 ",0.0%, 50 , 66 ,14.3%,16.1%,,,,,,
"Stewart County, GA",,,,," 6,621 ",0.0%, 800 , 574 ,5.9%,6.7%,,,,,,
"Stewart County, TN",,,,," 13,715 ",0.0%, 87 , 306 ,8.2%,15.1%,,,,,,
"Stoddard County, MO",,,,," 29,025 ",0.0%, 41 , 48 ,37.5%,17.1%,,,,,,
"Stokes County, NC",,,,," 45,591 ",0.0%, 263 , 272 ,6.9%,11.4%,,,,,,
"Stone County, MO",,,,," 31,952 ",0.0%, 56 , 72 ,12.5%,21.1%,,,,,,
"Storey County, NV",,,,," 4,123 ",0.0%, 49 , 24 ,16.7%,25.0%,,,,,,
"Story County, IA",,,,," 97,117 ",0.0%, 804 , 111 ,6.9%,6.4%,,,,,,
"Strafford County, NH",,,,," 130,633 ",0.0%, 354 , 376 ,28.4%,25.2%,,,,,,
"Suffolk city, VA",,,,," 92,108 ",0.0%, 248 , 329 ,11.2%,15.1%,,,,,,
"Sullivan County, NH",,,,," 43,146 ",0.0%, 130 , 107 ,16.6%,10.1%,,,,,,
"Sullivan County, PA",,,,," 6,066 ",0.0%, 99 , 214 ,6.7%,11.5%,,,,,,
"Sullivan County, TN",,,,," 158,348 ",0.0%, 213 , 172 ,12.7%,9.3%,,,,,,
"Summit County, CO",,,,," 31,011 ",0.0%, 264 , 390 ,6.6%,8.0%,,,,,,
"Summit County, OH",,,,," 541,013 ",0.1%, 156 , 179 ,14.6%,17.8%,,,,,,
"Sumner County, TN",,,,," 191,283 ",0.1%, 140 , 544 ,10.2%,11.2%,,,,,,
"Sumter County, AL",,,,," 12,427 ",0.0%, 89 , 137 ,12.5%,13.6%,,,,,,
"Sumter County, SC",,,,," 106,721 ",0.1%, 330 , 364 ,18.6%,14.1%,,,,,,
"Surry County, NC",,,,," 71,783 ",0.0%, 320 , 447 ,12.3%,16.2%,,,,,,
"Sutter County, CA",,,,," 96,971 ",0.0%, 113 , 144 ,10.7%,,,,,,,
"Sutton County, TX",,,,," 3,776 ",0.0%, 53 , 291 ,,20.0%,,,,,,
"Suwannee County, FL",,,,," 44,417 ",0.0%, 203 , 149 ,13.7%,3.8%,,,,,,
"Talbot County, GA",,,,," 6,195 ",0.0%, 161 , 113 ,20.0%,16.0%,,,,,,
"Talladega County, AL",,,,," 79,978 ",0.0%, 169 , 151 ,10.7%,11.5%,,,,,,
"Tallahatchie County, MS",,,,," 13,809 ",0.0%, 80 , 116 ,9.9%,10.1%,,,,,,
"Tama County, IA",,,,," 16,854 ",0.0%, 765 , 77 ,4.2%,4.6%,,,,,,
"Taney County, MO",,,,," 55,928 ",0.0%, 50 , 72 ,27.3%,27.8%,,,,,,
"Tangipahoa Parish, LA",,,,," 134,758 ",0.0%, 74 , 184 ,7.9%,10.2%,,,,,,
"Tarrant County, TX",,,,," 2,102,515 ",1.3%, 163 , 339 ,,16.8%,,,,,,
"Tattnall County, GA",,,,," 25,286 ",0.0%, 127 , 221 ,24.0%,23.3%,,,,,,
"Taylor County, GA",,,,," 8,020 ",0.0%, 212 , 125 ,17.5%,5.0%,,,,,,
"Taylor County, IA",,,,," 6,121 ",0.0%, 555 , 65 ,5.4%,5.9%,,,,,,
"Taylor County, KY",,,,," 25,769 ",0.0%, 384 , 497 ,15.5%,10.1%,,,,,,
"Taylor County, TX",,,,," 138,034 ",0.1%, 64 , 128 ,,11.5%,,,,,,
"Tazewell County, VA",,,,," 40,595 ",0.0%, 62 , 200 ,7.9%,10.7%,,,,,,
"Telfair County, GA",,,,," 15,860 ",0.0%, 101 , 132 ,6.7%,15.8%,,,,,,
"Tensas Parish, LA",,,,," 4,334 ",0.0%, 46 , 69 ,0.0%,15.4%,,,,,,
"Terrell County, GA",,,,," 8,531 ",0.0%, 82 , 281 ,14.0%,18.8%,,,,,,
"Teton County, MT",,,,," 6,147 ",0.0%, 163 , 260 ,5.7%,11.6%,,,,,,
"Teton County, WY",,,,," 23,464 ",0.0%, 217 , 170 ,21.7%,,,,,,,
"Texas County, MO",,,,," 25,398 ",0.0%, 39 , 16 ,0.0%,10.0%,,,,,,
"Thayer County, NE",,,,," 5,003 ",0.0%, 160 , 120 ,10.5%,9.8%,,,,,,
"Thomas County, KS",,,,," 7,777 ",0.0%, 167 , 103 ,11.9%,5.3%,,,,,,
"Thomas County, NE",,,,, 722 ,0.0%, 139 , 139 ,28.6%,25.0%,,,,,,
"Tippah County, MS",,,,," 22,015 ",0.0%, 191 , 182 ,11.1%,14.4%,,,,,,
"Todd County, KY",,,,," 12,294 ",0.0%, 138 , 195 ,7.5%,10.0%,,,,,,
"Tom Green County, TX",,,,," 119,200 ",0.1%," 3,124 ", 134 ,,7.0%,,,,,,
"Tooele County, UT",,,,," 72,259 ",0.0%, 180 , 239 ,11.0%,12.7%,,,,,,
"Toombs County, GA",,,,," 26,830 ",0.0%, 157 , 216 ,10.8%,14.0%,,,,,,
"Towns County, GA",,,,," 12,037 ",0.0%, 158 , 274 ,16.7%,20.0%,,,,,,
"Treutlen County, GA",,,,," 6,901 ",0.0%, 507 , 261 ,27.3%,16.1%,,,,,,
"Trigg County, KY",,,,," 14,651 ",0.0%, 150 , 423 ,6.1%,9.6%,,,,,,
"Trimble County, KY",,,,," 8,471 ",0.0%, 212 , 260 ,13.6%,12.7%,,,,,,
"Tripp County, SD",,,,," 5,441 ",0.0%, 221 , 294 ,14.3%,16.7%,,,,,,
"Troup County, GA",,,,," 69,922 ",0.0%, 154 , 174 ,8.3%,11.7%,,,,,,
"Tulare County, CA",,,,," 466,195 ",0.2%, 147 , 189 ,15.0%,,,,,,,
"Tulsa County, OK",,,,," 651,552 ",0.3%, 221 , 246 ,14.1%,15.9%,,,,,,
"Tunica County, MS",,,,," 9,632 ",0.0%, 83 , 166 ,13.2%,13.0%,,,,,,
"Tuolumne County, CA",,,,," 54,478 ",0.0%, 128 , 257 ,19.3%,,,,,,,
"Turner County, GA",,,,," 7,985 ",0.0%, 100 , 175 ,19.2%,7.1%,,,,,,
"Tuscarawas County, OH",,,,," 91,987 ",0.0%, 95 , 124 ,18.2%,13.2%,,,,,,
"Uintah County, UT",,,,," 35,734 ",0.0%, -   , 151 ,10.8%,10.2%,,,,,,
"Umatilla County, OR",,,,," 77,950 ",0.0%, 90 , 139 ,10.5%,8.0%,,,,,,
"Unicoi County, TN",,,,," 17,883 ",0.0%, 212 , 78 ,7.6%,10.7%,,,,,,
"Union County, GA",,,,," 24,511 ",0.0%, 143 , 228 ,11.2%,15.2%,,,,,,
"Union County, IA",,,,," 12,241 ",0.0%, 719 , 90 ,3.5%,6.2%,,,,,,
"Union County, KY",,,,," 14,381 ",0.0%, 83 , 63 ,47.8%,24.4%,,,,,,
"Union County, SC",,,,," 27,316 ",0.0%, 326 , 264 ,29.9%,9.6%,,,,,,
"Union County, TN",,,,," 19,972 ",0.0%, 140 , 526 ,17.0%,15.2%,,,,,,
"Union Parish, LA",,,,," 22,108 ",0.0%, 50 , 122 ,10.6%,6.7%,,,,,,
"Upson County, GA",,,,," 26,320 ",0.0%, 160 , 236 ,12.0%,10.0%,,,,,,
"Utah County, UT",,,,," 636,235 ",0.2%, 221 , 236 ,14.6%,11.5%,,,,,,
"Uvalde County, TX",,,,," 26,741 ",0.0%, 108 , 307 ,,15.0%,,,,,,
"Val Verde County, TX",,,,," 49,025 ",0.0%, -   , 375 ,,12.1%,,,,,,
"Valley County, MT",,,,," 7,396 ",0.0%, 108 , 135 ,23.4%,15.9%,,,,,,
"Van Buren County, IA",,,,," 7,044 ",0.0%, 426 , 43 ,5.3%,4.8%,,,,,,
"Van Buren County, TN",,,,," 5,872 ",0.0%, 324 ," 1,499 ",2.7%,1.4%,,,,,,
"Van Wert County, OH",,,,," 28,275 ",0.0%, 159 , 244 ,19.7%,18.6%,,,,,,
"Van Zandt County, TX",,,,," 56,590 ",0.0%, 173 , 304 ,,16.6%,,,,,,
"Vernon County, MO",,,,," 20,563 ",0.0%, 68 , 58 ,10.9%,8.2%,,,,,,
"Victoria County, TX",,,,," 92,084 ",0.0%, 96 , 172 ,,11.9%,,,,,,
"Vilas County, WI",,,,," 22,195 ",0.0%, 149 , 203 ,8.1%,13.9%,,,,,,
"Virginia Beach city, VA",,,,," 449,974 ",0.2%, 210 , 270 ,10.7%,14.7%,,,,,,
"Wabaunsee County, KS",,,,," 6,931 ",0.0%, 274 , 101 ,17.4%,9.2%,,,,,,
"Wagoner County, OK",,,,," 81,289 ",0.0%, 157 , 223 ,30.1%,18.3%,,,,,,
"Wahkiakum County, WA",,,,," 4,488 ",0.0%, 67 , 89 ,22.2%,0.0%,,,,,,
"Walker County, GA",,,,," 69,761 ",0.0%, 259 , 390 ,9.0%,11.5%,,,,,,
"Walla Walla County, WA",,,,," 60,760 ",0.0%, 112 , 145 ,5.8%,10.6%,,,,,,
"Wallace County, KS",,,,," 1,518 ",0.0%, -   , 264 ,25.0%,50.0%,,,,,,
"Wallowa County, OR",,,,," 7,208 ",0.0%, 111 , 236 ,12.5%,9.0%,,,,,,
"Walsh County, ND",,,,," 10,641 ",0.0%, 66 , 38 ,4.3%,10.7%,,,,,,
"Walton County, GA",,,,," 94,593 ",0.1%, 200 , 262 ,12.0%,12.7%,,,,,,
"Walworth County, SD",,,,," 5,435 ",0.0%, 92 , 147 ,10.3%,20.0%,,,,,,
"Wapello County, IA",,,,," 34,969 ",0.0%," 1,172 ", 420 ,9.5%,8.7%,,,,,,
"Warren County, GA",,,,," 5,254 ",0.0%, 19 , 95 ,3.7%,10.5%,,,,,,
"Warren County, IA",,,,," 51,466 ",0.0%," 1,016 ", 177 ,5.0%,6.8%,,,,,,
"Warren County, IN",,,,," 8,265 ",0.0%, 133 , 109 ,6.6%,10.4%,,,,,,
"Warren County, KY",,,,," 132,896 ",0.1%, 181 , 272 ,10.8%,12.5%,,,,,,
"Warren County, MO",,,,," 35,649 ",0.0%, 62 , 98 ,14.7%,2.3%,,,,,,
"Warren County, MS",,,,," 45,381 ",0.0%, 108 , 152 ,13.6%,10.4%,,,,,,
"Warren County, OH",,,,," 234,602 ",0.1%, 160 , 185 ,16.8%,14.6%,,,,,,
"Warren County, TN",,,,," 41,277 ",0.0%, 92 , 128 ,10.8%,7.2%,,,,,,
"Warrick County, IN",,,,," 62,998 ",0.0%, 149 , 170 ,14.2%,8.1%,,,,,,
"Wasatch County, UT",,,,," 34,091 ",0.0%, 199 , 173 ,16.9%,12.8%,,,,,,
"Washburn County, WI",,,,," 15,720 ",0.0%, 108 , 115 ,11.7%,11.4%,,,,,,
"Washington County, GA",,,,," 20,374 ",0.0%, 83 , 191 ,10.6%,10.3%,,,,,,
"Washington County, IA",,,,," 21,965 ",0.0%, 865 , 132 ,6.1%,6.8%,,,,,,
"Washington County, KY",,,,," 12,095 ",0.0%, 240 , 405 ,12.0%,14.9%,,,,,,
"Washington County, MD",,,,," 151,049 ",0.0%, 197 , 232 ,13.7%,10.5%,,,,,,
"Washington County, NC",,,,," 11,580 ",0.0%, 449 , 613 ,13.9%,15.5%,,,,,,
"Washington County, NE",,,,," 20,729 ",0.0%, 53 , 121 ,11.5%,8.6%,,,,,,
"Washington County, OH",,,,," 59,911 ",0.0%, 189 , 247 ,11.1%,10.8%,,,,,,
"Washington County, TN",,,,," 129,375 ",0.0%, 97 , 66 ,8.0%,10.3%,,,,,,
"Washington County, UT",,,,," 177,556 ",0.1%, 146 , 233 ,13.8%,16.4%,,,,,,
"Washington County, VA",,,,," 53,740 ",0.0%, 37 , 140 ,8.6%,14.7%,,,,,,
"Washita County, OK",,,,," 10,916 ",0.0%, 73 , 174 ,12.0%,11.1%,,,,,,
"Watonwan County, MN",,,,," 10,897 ",0.0%, 220 , 294 ,9.4%,16.9%,,,,,,
"Wayne County, GA",,,,," 29,927 ",0.0%, 344 , 281 ,24.3%,18.6%,,,,,,
"Wayne County, IA",,,,," 6,441 ",0.0%, 683 , 109 ,7.0%,10.0%,,,,,,
"Wayne County, MO",,,,," 12,873 ",0.0%, 23 , 93 ,9.5%,22.2%,,,,,,
"Wayne County, MS",,,,," 20,183 ",0.0%, 476 , 421 ,7.7%,5.8%,,,,,,
"Wayne County, NE",,,,," 9,385 ",0.0%, 117 , 139 ,5.0%,11.1%,,,,,,
"Wayne County, OH",,,,," 115,710 ",0.0%, 87 , 143 ,12.1%,19.0%,,,,,,
"Wayne County, UT",,,,," 2,711 ",0.0%, 74 , 184 ,11.8%,17.4%,,,,,,
"Waynesboro city, VA",,,,," 22,630 ",0.0%, 265 , 398 ,14.0%,18.4%,,,,,,
"Webb County, TX",,,,," 276,652 ",0.4%, 277 , 329 ,,14.1%,,,,,,
"Webster County, GA",,,,," 2,607 ",0.0%, 115 , 192 ,0.0%,14.3%,,,,,,
"Webster County, IA",,,,," 35,904 ",0.0%, 780 , 111 ,4.7%,6.6%,,,,,,
"Webster County, MO",,,,," 39,592 ",0.0%, 25 , 43 ,19.0%,16.7%,,,,,,
"Wells County, IN",,,,," 28,296 ",0.0%, 170 , 170 ,11.9%,5.3%,,,,,,
"Wells County, ND",,,,," 3,834 ",0.0%, 313 , 130 ,13.8%,13.3%,,,,,,
"West Baton Rouge Parish, LA",,,,," 26,465 ",0.0%, 94 , 227 ,8.7%,13.0%,,,,,,
"West Carroll Parish, LA",,,,," 10,830 ",0.0%, 55 , 175 ,8.5%,15.8%,,,,,,
"Wharton County, TX",,,,," 41,556 ",0.0%, 277 , 308 ,,17.8%,,,,,,
"Wheatland County, MT",,,,," 2,126 ",0.0%, 376 , 188 ,16.4%,6.9%,,,,,,
"Wheeler County, GA",,,,," 7,855 ",0.0%, 64 , 127 ,23.8%,44.4%,,,,,,
"Wheeler County, NE",,,,, 783 ,0.0%, 128 , 383 ,0.0%,0.0%,,,,,,
"Wheeler County, TX",,,,," 5,056 ",0.0%, -   , 297 ,,20.0%,,,,,,
"White County, GA",,,,," 30,798 ",0.0%, 153 , 231 ,15.3%,20.0%,,,,,,
"White County, IL",,,,," 13,537 ",0.0%, 103 , 214 ,7.4%,10.9%,,,,,,
"White County, TN",,,,," 27,345 ",0.0%, 110 , 121 ,8.6%,10.3%,,,,,,
"Whitfield County, GA",,,,," 104,628 ",0.1%, 166 , 219 ,7.9%,10.5%,,,,,,
"Whitley County, IN",,,,," 33,964 ",0.0%, 165 , 250 ,7.9%,11.6%,,,,,,
"Whitley County, KY",,,,," 36,264 ",0.0%, 218 , 392 ,7.4%,6.2%,,,,,,
"Wibaux County, MT",,,,, 969 ,0.0%, 310 , -   ,20.0%,0.0%,,,,,,
"Wilbarger County, TX",,,,," 12,769 ",0.0%, 110 , 227 ,,24.1%,,,,,,
"Wilcox County, AL",,,,," 10,373 ",0.0%, 87 , 222 ,9.6%,12.8%,,,,,,
"Wilkinson County, GA",,,,," 8,954 ",0.0%, 257 , 179 ,7.7%,14.3%,,,,,,
"Willacy County, TX",,,,," 21,358 ",0.0%, 75 , 632 ,,9.9%,,,,,,
"Williamsburg city, VA",,,,," 14,954 ",0.0%, 154 , 187 ,0.0%,39.1%,,,,,,
"Williamsburg County, SC",,,,," 30,368 ",0.0%, 636 , 570 ,17.3%,9.6%,,,,,,
"Williamson County, TN",,,,," 238,412 ",0.1%, 177 , 298 ,10.6%,11.2%,,,,,,
"Williamson County, TX",,,,," 590,551 ",0.3%, -   , 250 ,,10.8%,,,,,,
"Wilson County, KS",,,,," 8,525 ",0.0%, 129 , 364 ,6.3%,15.9%,,,,,,
"Wilson County, TN",,,,," 144,657 ",0.0%, 130 , 221 ,10.4%,9.9%,,,,,,
"Winchester city, VA",,,,," 28,078 ",0.0%, 89 , 157 ,7.7%,12.1%,,,,,,
"Winnebago County, IA",,,,," 10,354 ",0.0%, 889 , 116 ,3.6%,2.3%,,,,,,
"Winneshiek County, IA",,,,," 19,991 ",0.0%, 480 , 295 ,6.4%,7.0%,,,,,,
"Wise County, TX",,,,," 69,984 ",0.0%, 160 , 280 ,,12.8%,,,,,,
"Wise County, VA",,,,," 37,383 ",0.0%, 88 , 142 ,9.8%,15.3%,,,,,,
"Wood County, TX",,,,," 45,539 ",0.0%, 123 , 318 ,,13.3%,,,,,,
"Woodbury County, IA",,,,," 103,107 ",0.0%," 1,275 ", 87 ,7.6%,6.0%,,,,,,
"Woodford County, KY",,,,," 26,734 ",0.0%, 191 , 247 ,12.3%,8.8%,,,,,,
"Woodson County, KS",,,,," 3,138 ",0.0%, 64 , 96 ,13.6%,0.0%,,,,,,
"Worth County, GA",,,,," 20,247 ",0.0%, 64 , 138 ,11.9%,9.9%,,,,,,
"Worth County, IA",,,,," 7,381 ",0.0%, 488 , 149 ,7.0%,8.3%,,,,,,
"Worth County, MO",,,,," 2,013 ",0.0%, 50 , 50 ,0.0%,14.3%,,,,,,
"Wright County, IA",,,,," 12,562 ",0.0%, 589 , 64 ,5.0%,3.9%,,,,,,
"Wright County, MO",,,,," 18,289 ",0.0%, 16 , 55 ,3.3%,17.6%,,,,,,
"Yell County, AR",,,,," 21,341 ",0.0%, 183 , 375 ,8.1%,6.2%,,,,,,
"Yoakum County, TX",,,,," 8,713 ",0.0%, 80 , 46 ,,17.6%,,,,,,
"York County, NE",,,,," 13,679 ",0.0%," 1,199 "," 1,155 ",41.1%,35.2%,,,,,,
"York County, PA",,,,," 449,058 ",0.1%, 198 , 247 ,9.3%,11.3%,,,,,,
"York County, SC",,,,," 280,979 ",0.1%, 373 , 399 ,26.5%,9.6%,,,,,,
"York County, VA",,,,," 68,280 ",0.0%, 154 , 192 ,10.4%,11.6%,,,,,,
"Young County, TX",,,,," 18,010 ",0.0%, 161 , 350 ,,24.6%,,,,,,
"Yuba County, CA",,,,," 78,668 ",0.0%, 125 , 193 ,11.6%,,,,,,,
"Yukon-Koyukuk Census Area, AK",,,,," 5,230 ",0.0%, 191 , 918 ,,0.0%,,,,,,
"Yuma County, AZ",,,,," 213,787 ",0.1%, 122 , 151 ,11.9%,13.2%,,,,,,
"Zapata County, TX",,,,," 14,179 ",0.0%, 346 , 543 ,,16.3%,,,,,,
"Zavala County, TX",,,,," 11,840 ",0.0%, 203 , 988 ,,27.8%,,,,,,
